application_id,job_id,user_id,status,cover_letter,applied_at,updated_at
a8371860-81dc-4f95-b509-53660782627a,e5df12fe-1b01-4a2c-abdc-fe64adb43316,fe2d46cb-e0b1-44bc-b076-29b0b8e7c211,pending,Note myself food life test. Trial never attention choice fast enjoy happen a.,2026-05-17 15:25:16,2026-05-17 15:25:16
2aa1acb0-c361-45a6-9adc-c2750b527fd9,87696d55-115d-48d0-8d1b-a6039c3224d9,fe2d46cb-e0b1-44bc-b076-29b0b8e7c211,pending,Third people hair per. Return probably much hold model marriage.,2026-05-17 15:29:23,2026-05-17 15:29:23
0991c5c2-ea96-4458-8ebf-26e31e3af042,736a07fa-6000-42bb-b7d0-feda0f5d599f,fe2d46cb-e0b1-44bc-b076-29b0b8e7c211,reviewed,Follow political book model at. Condition all blood court.,2026-05-17 15:28:21,2026-05-17 15:28:21
7eabdcaf-dff7-4b74-8d20-94b96d59e7e7,294ff8f7-1ff2-4564-bfeb-30433e94cff4,fe2d46cb-e0b1-44bc-b076-29b0b8e7c211,shortlisted,Moment red eight hand paper audience us. Pretty up story life police.,2026-05-17 15:22:06,2026-05-17 15:22:06
380d3a57-3c9e-4752-97ae-b9b7bc80feee,3c87b47b-8274-4cb2-9e5d-742e8f5d594d,fe2d46cb-e0b1-44bc-b076-29b0b8e7c211,reviewed,Some around pay more same strong. War whether best rise.,2026-05-17 15:26:03,2026-05-17 15:26:03
2a88ef2c-255e-4d62-8122-6185c7fd4f0e,d3ec5899-1b3e-4c7b-ab23-bb0242b427be,607fcf49-7456-44c6-bb4e-1a3f1429739e,pending,Moment eat personal condition see.,2026-05-17 15:28:06,2026-05-17 15:28:06
9cc2a4b9-2156-4c1f-8883-e902bf483da4,d3105ea6-d58f-40fe-901c-fe26855262ec,607fcf49-7456-44c6-bb4e-1a3f1429739e,hired,Group learn professor third coach Congress husband.,2026-05-17 15:26:42,2026-05-17 15:26:42
ee457a93-59f3-4003-a3fe-adee1b70ad88,6627f91e-6ed6-4fda-846d-e5655225ec8d,607fcf49-7456-44c6-bb4e-1a3f1429739e,hired,Your kitchen good firm yard foot he.,2026-05-17 15:25:47,2026-05-17 15:25:47
c836597a-e091-4147-b2db-cc52041f6d8f,6a230dab-3d42-47cd-879e-059bb2e471a0,607fcf49-7456-44c6-bb4e-1a3f1429739e,pending,Part none degree she unit effect. Language however risk work other military year.,2026-05-17 15:30:54,2026-05-17 15:30:54
143de376-bb16-4f87-8dad-2f09a40b70d7,f626ca99-fbab-4e06-b125-926288989783,f1b5e9f8-50fc-4e60-b822-e1730940bf21,reviewed,Democrat fire sign wall state.,2026-05-17 15:25:21,2026-05-17 15:25:21
de125c9c-3bd0-4bcd-848f-80c46e122647,c389027a-a2c1-439f-9fa3-451abd0b6815,ca2f6f0c-4c16-4413-8ae1-807e88a21578,pending,Number occur behind leave choose enter threat. Do specific begin hundred truth.,2026-05-17 15:32:45,2026-05-17 15:32:45
124fcc0f-4468-4c67-922f-9bca794914d3,d4c104a4-07a4-4210-9809-d3d26bfca000,ca2f6f0c-4c16-4413-8ae1-807e88a21578,shortlisted,Common stay ready office traditional organization feel. High sister two free they its us.,2026-05-17 15:30:32,2026-05-17 15:30:32
c314470e-62c2-4844-9512-df81d001b197,abf3f0f7-329c-4cb7-bb42-a667afae24b6,ca2f6f0c-4c16-4413-8ae1-807e88a21578,shortlisted,Up plant place approach modern floor north force.,2026-05-17 15:23:10,2026-05-17 15:23:10
e5b97e24-b7f8-43bd-9911-436e789c5435,2eb6aaa6-d3e7-4baf-91fa-28f1d8005847,ca2f6f0c-4c16-4413-8ae1-807e88a21578,rejected,Purpose young wife.,2026-05-17 15:30:06,2026-05-17 15:30:06
41b878a5-5bb8-4f23-8ffb-b605d697bfee,e42ce5e0-e344-4486-856c-2a8ca9590db2,ca2f6f0c-4c16-4413-8ae1-807e88a21578,pending,Bed it skill challenge from live seat. Human be maybe similar candidate care nice.,2026-05-17 15:30:46,2026-05-17 15:30:46
f26d805b-16f3-44e0-b22b-4406753fb7c5,488184ab-c77d-408b-bcd3-436c32ac832b,b071b687-6c6d-4983-b0e0-292fd635db95,pending,Night young modern drug entire. Food under become public interest give.,2026-05-17 15:27:35,2026-05-17 15:27:35
a3080129-b105-48fd-83fb-1aa8a2f0658e,cf9f2280-a1cc-400e-8aa0-4d2a74ac3870,b071b687-6c6d-4983-b0e0-292fd635db95,rejected,Show college glass. Perhaps key under do rate choose.,2026-05-17 15:25:34,2026-05-17 15:25:34
78b7b551-a791-4311-be22-ea9e2dcfd756,4f06a002-c80c-4857-83f2-b08a7c2dbe4f,b071b687-6c6d-4983-b0e0-292fd635db95,pending,Science drug per challenge.,2026-05-17 15:30:28,2026-05-17 15:30:28
7ed064a4-2fd6-437e-96ea-07a5e7279b01,1f2592b5-65c5-4856-855a-ac39e37e6cd5,c55bf5a4-c8ee-49e2-8083-32b06430027a,rejected,Gas sound figure.,2026-05-17 15:31:43,2026-05-17 15:31:43
9e63dc1a-fcf4-4ef7-b082-c35ed63af6d2,e5a3e7d9-2c4e-4ef6-8e6f-9be54cbafd87,c55bf5a4-c8ee-49e2-8083-32b06430027a,rejected,Science deep national seek nature. Role center recognize adult on professional analysis color.,2026-05-17 15:27:23,2026-05-17 15:27:23
d370de0d-b28b-498a-a394-4866a745577c,d8a7eb3c-b5b9-4a45-9f70-a50966f1c4be,c55bf5a4-c8ee-49e2-8083-32b06430027a,reviewed,Apply pressure across home even. Ten affect test power discuss herself.,2026-05-17 15:25:08,2026-05-17 15:25:08
974e9905-6916-4ec2-9de2-a9bfeafa428d,fbf73177-9a70-458b-b60c-1dbf382e8f2c,c55bf5a4-c8ee-49e2-8083-32b06430027a,hired,Machine others because current whom night.,2026-05-17 15:33:27,2026-05-17 15:33:27
003b2c86-3d45-4694-915a-8c6695e862fc,15c6fd9f-9fb6-4e25-8630-e162b285ed2e,c55bf5a4-c8ee-49e2-8083-32b06430027a,shortlisted,Two figure majority season adult.,2026-05-17 15:30:16,2026-05-17 15:30:16
ab6d1cce-2884-45a3-84c5-194b463fe0ae,c78dd7e4-7829-47ce-a1b3-80d6675e909a,8f2529b1-bc32-46af-91a0-7324cd5d38f7,shortlisted,Few you without every artist election hit yourself. Want we difficult.,2026-05-17 15:29:56,2026-05-17 15:29:56
ead78b82-a9d8-47a9-a3e9-c6ef8baedc48,0778d543-0976-4c12-9536-14edca6ffbe4,8f2529b1-bc32-46af-91a0-7324cd5d38f7,hired,Because him whether partner. Rather individual of interview fine painting last capital.,2026-05-17 15:25:50,2026-05-17 15:25:50
b7380fca-7ced-4e1f-9c7b-5878912d4f20,9533ec3c-635f-456b-89a7-dc1f047e1f2c,8f2529b1-bc32-46af-91a0-7324cd5d38f7,shortlisted,Range dark catch read together travel involve. Prevent north citizen attack.,2026-05-17 15:29:33,2026-05-17 15:29:33
b5865209-c3f1-44c9-a3c5-b7db21bd6b15,e5a3e7d9-2c4e-4ef6-8e6f-9be54cbafd87,8f2529b1-bc32-46af-91a0-7324cd5d38f7,rejected,Fish they risk she.,2026-05-17 15:28:07,2026-05-17 15:28:07
613bd64c-0c75-43cf-9888-c9fa44732fba,0778d543-0976-4c12-9536-14edca6ffbe4,4dff8b74-8f48-4ee5-a0d5-d025de6581df,pending,Field seat start PM scene charge. Blood continue several partner environment.,2026-05-17 15:32:17,2026-05-17 15:32:17
28295804-2683-4704-9ce1-dd1681f0c0a8,7a4a808d-95e6-4fcb-b93b-7b427b68b8b3,470b8676-7bf6-4107-856d-3f6d6c0bdcf3,hired,Discussion reach grow read live maybe painting Republican.,2026-05-17 15:28:32,2026-05-17 15:28:32
dab353be-c5d4-4ad1-85c6-fb6e3cf67dbb,bf44c456-de39-4fde-913d-eabde4d0222c,470b8676-7bf6-4107-856d-3f6d6c0bdcf3,hired,Listen clearly difficult impact why understand wear. Score write serious at until.,2026-05-17 15:26:13,2026-05-17 15:26:13
145de9f4-dc82-4f30-a31d-1c76a0ac1a87,2eb6aaa6-d3e7-4baf-91fa-28f1d8005847,470b8676-7bf6-4107-856d-3f6d6c0bdcf3,pending,Reach term thought into simply part station. Hour voice occur movie political region.,2026-05-17 15:33:33,2026-05-17 15:33:33
24869b8a-1804-4180-b42d-1e4ae0f8be9c,cf9f2280-a1cc-400e-8aa0-4d2a74ac3870,9c21c4b3-0839-4c0f-ab04-dc9ab3378b33,rejected,Lead there there early Mrs worker always.,2026-05-17 15:22:11,2026-05-17 15:22:11
bee99c55-9508-4c3e-b643-7ea2da2e7763,b5d2e655-7f80-4f14-b7e5-8d584d94b239,9c21c4b3-0839-4c0f-ab04-dc9ab3378b33,pending,Couple keep this. Leave institution party approach might.,2026-05-17 15:26:22,2026-05-17 15:26:22
bb884fe9-a0e6-42e1-977b-bcbf1dc8de45,6a230dab-3d42-47cd-879e-059bb2e471a0,9c21c4b3-0839-4c0f-ab04-dc9ab3378b33,hired,Reveal both single visit. Career including late condition opportunity Republican dark.,2026-05-17 15:23:26,2026-05-17 15:23:26
4fa71fc3-664f-4d97-bcd2-0c65bacde81a,9533ec3c-635f-456b-89a7-dc1f047e1f2c,1112fa14-8b0d-4294-97e7-78b8faa275e7,shortlisted,Reality trade someone responsibility but box.,2026-05-17 15:27:11,2026-05-17 15:27:11
598a2cc5-4a38-4125-93a4-51a4d02e06be,73784e18-abe1-4850-aa7b-60c8361abf87,1112fa14-8b0d-4294-97e7-78b8faa275e7,hired,Model himself social memory. Her herself should treatment.,2026-05-17 15:27:07,2026-05-17 15:27:07
f570a1da-c33f-4dbb-9f5b-1f5b8e4f5b7d,3c11acb6-df69-4db2-bfb3-b8d40dc0ad58,1112fa14-8b0d-4294-97e7-78b8faa275e7,hired,Than condition Republican information.,2026-05-17 15:28:31,2026-05-17 15:28:31
c47faea7-2893-454e-bb3e-4edb801652fe,c35c00e5-3a00-442a-b834-268432f7cbeb,9b93a8d5-8ff4-4b43-9181-12e40f69608d,shortlisted,Phone brother capital dark performance. Activity marriage material space part.,2026-05-17 15:25:26,2026-05-17 15:25:26
c48d6555-519d-4744-8684-692033702c4a,f626ca99-fbab-4e06-b125-926288989783,9b93a8d5-8ff4-4b43-9181-12e40f69608d,reviewed,Process law kind over according think everything pick.,2026-05-17 15:27:39,2026-05-17 15:27:39
bdf1e5d8-ff34-4edf-af71-932dccf7e7dd,488184ab-c77d-408b-bcd3-436c32ac832b,9b93a8d5-8ff4-4b43-9181-12e40f69608d,reviewed,Continue area give.,2026-05-17 15:31:34,2026-05-17 15:31:34
b2090848-a08b-495e-92dd-c34d2932b9d9,5a70f945-7d79-47ff-a9bc-714b5fa5759d,d84c9432-37c6-487d-bb86-26c28019af71,pending,Study fear turn any indicate condition public.,2026-05-17 15:23:28,2026-05-17 15:23:28
502f5906-100a-4966-b448-225b5a4f35d4,cec56f87-1f92-48e5-987b-ec91eaee8f2b,d84c9432-37c6-487d-bb86-26c28019af71,hired,Skin concern lay often use behavior federal. Today star serve successful assume likely.,2026-05-17 15:29:03,2026-05-17 15:29:03
9e6854ee-f3e0-4bc1-9cb4-907a06d500bd,ec4ba17f-fec7-458f-9e1f-d402adadb147,30f4deb0-fa2d-446b-9f07-e23145a00df2,pending,Money modern receive partner body role.,2026-05-17 15:23:11,2026-05-17 15:23:11
ef1e9298-1694-4323-8cc7-05e9c82be83f,6627f91e-6ed6-4fda-846d-e5655225ec8d,30f4deb0-fa2d-446b-9f07-e23145a00df2,hired,Right painting small religious interview summer employee.,2026-05-17 15:29:16,2026-05-17 15:29:16
c52f97c4-4513-4a0c-b0bb-c793b1910bf8,757da867-17b2-478b-951f-43ab0461fc89,7701e1e9-8626-4baf-a06d-746efdbf99cd,pending,Until pass market role marriage space. Discussion fact cover brother let someone scene debate.,2026-05-17 15:28:38,2026-05-17 15:28:38
83433f1c-ad3e-4f41-831d-6c6a01acbf26,f0c8bdd1-befb-423f-bb53-5448131e2567,7701e1e9-8626-4baf-a06d-746efdbf99cd,pending,Animal glass south defense political real. So film media food accept.,2026-05-17 15:29:07,2026-05-17 15:29:07
17624166-912a-4104-a334-711f04b55a82,29110fde-40f6-4eba-a245-2629e3f20a85,52a7087b-14d4-43a4-8c99-ab52b7fbd8b9,pending,Right pattern ahead compare form full. Trouble something population loss physical throughout Mr.,2026-05-17 15:29:57,2026-05-17 15:29:57
13a20119-91fb-45e1-9f5a-364e15e71f1b,b5d2e655-7f80-4f14-b7e5-8d584d94b239,52a7087b-14d4-43a4-8c99-ab52b7fbd8b9,pending,Strong federal right firm. Affect officer forward trouble somebody at chance.,2026-05-17 15:25:45,2026-05-17 15:25:45
80d49099-1bf5-4def-8a62-e0a725c5b36c,f4121ae7-c9cd-4963-9fad-06dd9d5448d9,686202f6-815e-4861-86c7-9223357dd495,hired,Phone success number hope organization ten. Relate fire all including market.,2026-05-17 15:31:49,2026-05-17 15:31:49
c589b46a-5001-4113-b71b-799465c3f0a5,a54f1628-6db2-4558-914e-e51065c13964,0758fcef-5943-423a-8a79-6e2d6ebb8fca,shortlisted,Democratic few born size sing. Kitchen agent lot matter.,2026-05-17 15:24:35,2026-05-17 15:24:35
35dc2b84-403d-4389-a5c8-65114f23a0b4,3c87b47b-8274-4cb2-9e5d-742e8f5d594d,0758fcef-5943-423a-8a79-6e2d6ebb8fca,reviewed,Financial force show better word might yeah. Right least require mission about.,2026-05-17 15:24:00,2026-05-17 15:24:00
d6ce6fc7-1d1a-405f-8c3f-17f50dda2ca1,46b88e68-85f9-42a1-897d-f0dd6cb190e3,0758fcef-5943-423a-8a79-6e2d6ebb8fca,rejected,Four threat billion she. Against serve police decide customer.,2026-05-17 15:32:55,2026-05-17 15:32:55
96f5c8b9-268a-414f-9c9d-a5b190e2be7a,c6f8dd07-afe9-4c32-a064-0688eb433ce9,0758fcef-5943-423a-8a79-6e2d6ebb8fca,reviewed,Significant provide evening church boy when. Method deal go five center region exist.,2026-05-17 15:25:10,2026-05-17 15:25:10
03ccbb4e-3f29-4c12-ba9c-c433084a3544,5a70f945-7d79-47ff-a9bc-714b5fa5759d,bf4e210f-643a-4759-ab83-8af17b86f043,rejected,Party full kitchen candidate likely.,2026-05-17 15:24:40,2026-05-17 15:24:40
86862872-ec49-4c83-a089-8d94df51a007,abf3f0f7-329c-4cb7-bb42-a667afae24b6,bf4e210f-643a-4759-ab83-8af17b86f043,reviewed,Approach interview condition other or structure.,2026-05-17 15:29:50,2026-05-17 15:29:50
c96897fa-8917-4f7a-b1ae-87ff8ca57352,12aa5758-7542-44aa-a4b6-659bc19aeb64,bf4e210f-643a-4759-ab83-8af17b86f043,shortlisted,Fine stage require provide move wind. Nothing behavior sort recognize best financial popular.,2026-05-17 15:30:07,2026-05-17 15:30:07
12c25467-8e22-474f-ad31-0e4eeccf5529,fde71d33-0894-417d-8fb7-8b27ac64d1cb,bf4e210f-643a-4759-ab83-8af17b86f043,pending,Water century time election guy. Record professor small think.,2026-05-17 15:30:55,2026-05-17 15:30:55
9fbd3bcc-4611-4541-a15c-8a1b8cb969ec,aa5991d7-f983-408e-a9ee-ac60bc576567,8d30e723-0cfb-4643-8129-a17371a64527,rejected,Little goal leave color.,2026-05-17 15:27:10,2026-05-17 15:27:10
8c078eaf-068b-47bf-ba29-f59ca1703692,ca94948b-2d78-4734-8764-6aba21ece73c,8d30e723-0cfb-4643-8129-a17371a64527,pending,Camera bill stage someone for power society. Leave opportunity draw during city lot at.,2026-05-17 15:30:56,2026-05-17 15:30:56
9e12ee46-7b04-4049-b6cb-72aba212151b,ea45b849-6853-44a3-9b53-29921a9383dc,8d30e723-0cfb-4643-8129-a17371a64527,rejected,Six itself skin name door production. School Republican student boy.,2026-05-17 15:24:13,2026-05-17 15:24:13
92ed9894-e614-4f77-afb8-d0758bcbe231,13da5716-e762-4b5d-8c6f-c02a42f1c614,8d30e723-0cfb-4643-8129-a17371a64527,reviewed,Best knowledge final image our rate others. Force population article design catch oil.,2026-05-17 15:28:53,2026-05-17 15:28:53
12247176-271a-433f-85a4-b6258cb960f0,0778d543-0976-4c12-9536-14edca6ffbe4,8d30e723-0cfb-4643-8129-a17371a64527,shortlisted,Produce laugh factor past.,2026-05-17 15:30:47,2026-05-17 15:30:47
5cacb4a8-ac79-486d-a055-0f4a950636b8,befe2333-72c9-4f69-8000-fdfff76eaea0,e55d2630-e29c-44bc-8b64-956bd7a1b971,hired,Feel some quickly truth view response.,2026-05-17 15:27:05,2026-05-17 15:27:05
1866879d-8d40-4aee-92a8-5712217b37e1,97feb21c-fd01-4a7d-be1c-87ef7348215e,e55d2630-e29c-44bc-8b64-956bd7a1b971,rejected,Account worry identify camera family hard nature apply.,2026-05-17 15:32:42,2026-05-17 15:32:42
2060c6e3-7e6c-4dcf-8cb8-d92186707d19,dd7f992f-b18d-4c96-81d3-048433f8311c,200962be-acdd-4774-989f-9693038dc1f9,rejected,Technology tend dog reduce. Personal Republican image itself deep community.,2026-05-17 15:30:10,2026-05-17 15:30:10
f9bd086c-a8cb-4d01-a4b5-40bb26e65780,d173e94d-ad5c-4e3a-a6d7-454af2494810,200962be-acdd-4774-989f-9693038dc1f9,pending,Successful growth individual eye their by. Author administration return.,2026-05-17 15:23:24,2026-05-17 15:23:24
71fe33e8-4fe1-4691-a846-f117ee908ee6,f0c8bdd1-befb-423f-bb53-5448131e2567,200962be-acdd-4774-989f-9693038dc1f9,reviewed,Be politics indeed lay. Us perhaps lawyer interest star his difficult interesting.,2026-05-17 15:27:34,2026-05-17 15:27:34
7c76fc81-8605-4267-af6d-a65638de98cd,bf44c456-de39-4fde-913d-eabde4d0222c,200962be-acdd-4774-989f-9693038dc1f9,reviewed,Republican especially unit office almost. Nothing relate both.,2026-05-17 15:21:49,2026-05-17 15:21:49
cc730cd5-b7fb-4fda-bab3-e2046cec2fce,757da867-17b2-478b-951f-43ab0461fc89,ec9e84b7-4380-475f-abe1-19dc237d8838,shortlisted,Room money teacher seek.,2026-05-17 15:27:30,2026-05-17 15:27:30
925d0e85-3940-4d9c-bc55-026a4524011e,fde71d33-0894-417d-8fb7-8b27ac64d1cb,ec9e84b7-4380-475f-abe1-19dc237d8838,rejected,Model particular early piece. Range much often party.,2026-05-17 15:25:05,2026-05-17 15:25:05
ef5007da-8957-4101-ad63-7c206367ffc0,f626ca99-fbab-4e06-b125-926288989783,ec9e84b7-4380-475f-abe1-19dc237d8838,reviewed,Light mention light. Inside whether sometimes eye along type.,2026-05-17 15:32:34,2026-05-17 15:32:34
269e6660-86b0-4bc8-af80-f44884291fe4,294ff8f7-1ff2-4564-bfeb-30433e94cff4,ec9e84b7-4380-475f-abe1-19dc237d8838,reviewed,Article list college appear wrong. Agree machine camera baby six edge past every.,2026-05-17 15:30:43,2026-05-17 15:30:43
69bcc1bf-9445-492d-afd0-97fc51a5fcdf,cec56f87-1f92-48e5-987b-ec91eaee8f2b,ec9e84b7-4380-475f-abe1-19dc237d8838,pending,Company option character land space end red machine.,2026-05-17 15:24:49,2026-05-17 15:24:49
c575720a-3e38-4f26-98d0-6d522e9f9be0,13da5716-e762-4b5d-8c6f-c02a42f1c614,e988c06d-c9af-462a-aad4-351afdcbd61e,reviewed,Worker whose other start study sell.,2026-05-17 15:31:19,2026-05-17 15:31:19
be116a48-5e88-4060-bdeb-53eb2f9f867c,f0c8bdd1-befb-423f-bb53-5448131e2567,e988c06d-c9af-462a-aad4-351afdcbd61e,shortlisted,Produce rise cold official success. Politics sense break.,2026-05-17 15:26:41,2026-05-17 15:26:41
f342ad4f-a944-4677-9910-c446491d073b,af2b0b11-3cd3-41e1-93bc-56f9f9bfbe15,e988c06d-c9af-462a-aad4-351afdcbd61e,reviewed,Feeling second sell mouth here relationship listen. Most itself eye something.,2026-05-17 15:23:44,2026-05-17 15:23:44
0b33c4cd-1b81-47e1-a047-7491cbb27033,1f3bdefb-098d-4df7-ae8c-81c5fe8961c7,e988c06d-c9af-462a-aad4-351afdcbd61e,shortlisted,Raise American truth PM what it truth. Friend environment better pressure hospital.,2026-05-17 15:26:19,2026-05-17 15:26:19
f8da7fbc-9182-405b-b696-e0d2f97ae8e3,5a70f945-7d79-47ff-a9bc-714b5fa5759d,44d1d696-aa73-495f-b7c7-6cb925f14d86,rejected,Side mind question year finish action across attack.,2026-05-17 15:31:00,2026-05-17 15:31:00
161294fe-480c-43d2-95fa-f0ae144ee124,aa5991d7-f983-408e-a9ee-ac60bc576567,44d1d696-aa73-495f-b7c7-6cb925f14d86,hired,Rate goal rise edge. Agency begin voice.,2026-05-17 15:26:40,2026-05-17 15:26:40
9f5c08f0-0bc3-4ff3-94b1-05a0d0d4647d,a6aac3cf-d1d1-42a8-a55c-3da029ecfb7a,8e1771ae-a663-4b41-b85a-4fbbaab08c09,pending,Point remain build task candidate prevent tonight not.,2026-05-17 15:29:36,2026-05-17 15:29:36
6714f4dd-8f94-4994-8875-088ca7ec70b3,cec56f87-1f92-48e5-987b-ec91eaee8f2b,8e1771ae-a663-4b41-b85a-4fbbaab08c09,rejected,Education level view police.,2026-05-17 15:33:20,2026-05-17 15:33:20
14eb709d-3764-4a72-9688-b8c31dae11a7,bf44c456-de39-4fde-913d-eabde4d0222c,06062749-71be-4084-be3c-291cbc099043,shortlisted,Realize property show either sit everyone.,2026-05-17 15:32:48,2026-05-17 15:32:48
65f02df0-3cd5-46a9-aa43-beb1a7c557b3,6627f91e-6ed6-4fda-846d-e5655225ec8d,06062749-71be-4084-be3c-291cbc099043,pending,You election spend concern attorney woman. Particular condition man century shoulder.,2026-05-17 15:22:28,2026-05-17 15:22:28
ea52a515-dd3a-4522-8f67-dd0b56389843,59fa4b0f-c34f-4c5d-9556-bbd2c0f4a6c1,06062749-71be-4084-be3c-291cbc099043,pending,Resource billion authority number economy knowledge.,2026-05-17 15:24:21,2026-05-17 15:24:21
2ee45034-fd0f-48cc-9ade-bd86075b52a2,df3c5796-9673-4c5d-9d75-613190ec4f28,06062749-71be-4084-be3c-291cbc099043,shortlisted,Usually professor entire.,2026-05-17 15:32:29,2026-05-17 15:32:29
7b7984e6-dba3-4800-83a0-1390ec00b249,72d6451f-3ed1-4b05-a01a-e84419ca22ad,7333a73e-5fbe-44b6-96eb-f697c336a3c4,shortlisted,About remain side long identify road speech. Music about west stand.,2026-05-17 15:30:08,2026-05-17 15:30:08
f72d2c4d-0050-47c3-9a71-e34bc0aa0ba9,6a230dab-3d42-47cd-879e-059bb2e471a0,7333a73e-5fbe-44b6-96eb-f697c336a3c4,reviewed,Various grow radio hundred place where before. Table future subject set face data never.,2026-05-17 15:27:31,2026-05-17 15:27:31
c992f7fc-0501-4706-bdfa-1a44d49b748a,6a53173b-35c5-43fd-885b-3609e467b21e,7333a73e-5fbe-44b6-96eb-f697c336a3c4,reviewed,Receive to piece grow be.,2026-05-17 15:33:20,2026-05-17 15:33:20
45ab1ef7-c691-4653-b2b0-4b2aa70dde6a,dd7f992f-b18d-4c96-81d3-048433f8311c,7333a73e-5fbe-44b6-96eb-f697c336a3c4,rejected,Along agent you draw.,2026-05-17 15:29:19,2026-05-17 15:29:19
019eceb9-0941-4702-a35a-6e7533e2ca5b,ca94948b-2d78-4734-8764-6aba21ece73c,dda0e5f5-c4bf-4700-bf25-4b41a1fbd6da,pending,Matter who speech whom administration. Argue skin amount brother southern project.,2026-05-17 15:26:23,2026-05-17 15:26:23
dbada354-894f-4fa0-b98d-32fcd20a5453,e064a910-bd8d-4b4f-b6a8-cfc817ca348e,dda0e5f5-c4bf-4700-bf25-4b41a1fbd6da,reviewed,Scientist do author save. President likely truth animal red candidate common.,2026-05-17 15:27:14,2026-05-17 15:27:14
5f15964b-3504-4c37-a4f7-b87b9b19d856,a6aac3cf-d1d1-42a8-a55c-3da029ecfb7a,dda0e5f5-c4bf-4700-bf25-4b41a1fbd6da,shortlisted,Lay color opportunity stand.,2026-05-17 15:22:19,2026-05-17 15:22:19
44810481-5503-4464-aaf7-71ad06f8c7cc,9bf0cde3-0e19-4273-9142-defa118ee604,dda0e5f5-c4bf-4700-bf25-4b41a1fbd6da,hired,Sometimes determine source international specific word question food. National focus who degree animal community as.,2026-05-17 15:23:00,2026-05-17 15:23:00
a26ffbb7-093a-4c8b-92b8-9666059b67c5,d7cb383c-4313-40a1-9ed9-e75190020f51,dda0e5f5-c4bf-4700-bf25-4b41a1fbd6da,pending,Recent network just understand. Card social place.,2026-05-17 15:25:01,2026-05-17 15:25:01
8819c00b-7a4a-46b0-83ba-2ec1617d47c1,264b89fe-dc5a-4ac1-a152-70233ffb43f4,7648902a-b27b-4c58-814a-a4d59824af50,rejected,They ball account.,2026-05-17 15:26:14,2026-05-17 15:26:14
9d18bbb5-3585-4457-9dbd-038e66041de1,757da867-17b2-478b-951f-43ab0461fc89,7648902a-b27b-4c58-814a-a4d59824af50,reviewed,Indicate southern significant realize deal. Mission include visit particular also.,2026-05-17 15:32:50,2026-05-17 15:32:50
b658cbc5-9996-4914-8786-8d6e5b1cac23,736a07fa-6000-42bb-b7d0-feda0f5d599f,7648902a-b27b-4c58-814a-a4d59824af50,reviewed,Wear physical site girl above dog brother morning. Peace television would medical.,2026-05-17 15:23:53,2026-05-17 15:23:53
e84673a8-d161-4ae5-99a1-10d1cbed1460,2a7ac985-b35f-49ab-aa94-5559ff772390,7648902a-b27b-4c58-814a-a4d59824af50,pending,Everybody create someone rate why. Marriage civil two approach hair decide edge.,2026-05-17 15:27:18,2026-05-17 15:27:18
5fb82f0b-d0f5-4b5f-b392-f1ff4d24e899,97feb21c-fd01-4a7d-be1c-87ef7348215e,d3f90615-2718-4e1d-831b-156e4ce6fa77,rejected,Bit appear Mr. Size machine break time.,2026-05-17 15:29:08,2026-05-17 15:29:08
c365274f-1eaf-4076-81dc-df7deb7f5a3a,d4c104a4-07a4-4210-9809-d3d26bfca000,d3f90615-2718-4e1d-831b-156e4ce6fa77,rejected,For cup quality for single for better scene. Heart determine likely machine three.,2026-05-17 15:30:23,2026-05-17 15:30:23
b58eb780-9fa6-4ff7-ad54-b85d5b5644f7,e42ce5e0-e344-4486-856c-2a8ca9590db2,d3f90615-2718-4e1d-831b-156e4ce6fa77,hired,Concern health leader create grow especially from. Realize arrive carry.,2026-05-17 15:23:28,2026-05-17 15:23:28
a99bd1b8-4566-4d6f-9c65-19e5ee060d72,6627f91e-6ed6-4fda-846d-e5655225ec8d,d3f90615-2718-4e1d-831b-156e4ce6fa77,hired,Commercial gas though page smile point. Town official need discover in miss television describe.,2026-05-17 15:31:57,2026-05-17 15:31:57
35bd054d-8bfe-46d7-bdda-cb3727f25616,488184ab-c77d-408b-bcd3-436c32ac832b,b89513fb-9038-4fef-9413-3ac2c9770159,shortlisted,Address into their easy its. Through option chance off above.,2026-05-17 15:27:24,2026-05-17 15:27:24
3b797763-6861-4488-844b-07a599d3ba3f,73784e18-abe1-4850-aa7b-60c8361abf87,b89513fb-9038-4fef-9413-3ac2c9770159,hired,Safe mean international hour special recent better.,2026-05-17 15:33:29,2026-05-17 15:33:29
e499af84-7ceb-4291-a0fb-b13e64234f78,b5d2e655-7f80-4f14-b7e5-8d584d94b239,b89513fb-9038-4fef-9413-3ac2c9770159,shortlisted,Send really image design grow dream your.,2026-05-17 15:27:40,2026-05-17 15:27:40
c51ae070-cd94-4550-bb08-6e37f0e309f7,6e04c833-cf5d-4bd0-8f9e-93b17f2f7192,b89513fb-9038-4fef-9413-3ac2c9770159,pending,Reflect teach section agency.,2026-05-17 15:21:55,2026-05-17 15:21:55
d753e69d-92d9-491a-9295-286f0920ab72,fbf73177-9a70-458b-b60c-1dbf382e8f2c,b89513fb-9038-4fef-9413-3ac2c9770159,shortlisted,Continue the phone region ability physical.,2026-05-17 15:27:11,2026-05-17 15:27:11
71afa508-626c-4c80-adad-f1b6511cbd29,73784e18-abe1-4850-aa7b-60c8361abf87,33e2731e-d8db-49e0-a068-e466ae0381fc,shortlisted,Allow international especially watch my some skin. Per friend usually method.,2026-05-17 15:26:21,2026-05-17 15:26:21
87aa8b05-ab64-4705-8512-268bdf0cb6dd,482cae79-89e3-4fa6-8cfe-07ef79dfff3f,33e2731e-d8db-49e0-a068-e466ae0381fc,hired,Book half people. Hand possible relate night similar catch.,2026-05-17 15:32:39,2026-05-17 15:32:39
d653e5ed-2899-4587-8fdf-16768d81dfea,59fa4b0f-c34f-4c5d-9556-bbd2c0f4a6c1,33e2731e-d8db-49e0-a068-e466ae0381fc,rejected,Power say sell that. Send set fly today me.,2026-05-17 15:25:45,2026-05-17 15:25:45
af85a492-e20e-4129-bc67-4ddcf8394f8b,e5df12fe-1b01-4a2c-abdc-fe64adb43316,33e2731e-d8db-49e0-a068-e466ae0381fc,rejected,Health laugh may stop.,2026-05-17 15:26:48,2026-05-17 15:26:48
57f68e79-7da2-4b9a-85af-eb560be0e6e4,e5a3e7d9-2c4e-4ef6-8e6f-9be54cbafd87,33e2731e-d8db-49e0-a068-e466ae0381fc,shortlisted,Tonight later happy pull really within third. Throughout leader bag today eye.,2026-05-17 15:27:22,2026-05-17 15:27:22
bb645399-c13a-412f-ad0e-101c5eae80a0,f4121ae7-c9cd-4963-9fad-06dd9d5448d9,e8e1c68f-c4a9-495a-89ba-a67a4ab0c32e,pending,Every recent many themselves.,2026-05-17 15:33:12,2026-05-17 15:33:12
4c35b4c9-0215-41b9-a06f-ebabff47f70d,b7bcc288-58b4-4f4a-b9d3-637d67015e07,a2e936a7-7186-45c8-8868-f4d826eeb864,hired,Fall wide must. Listen information scene again.,2026-05-17 15:27:58,2026-05-17 15:27:58
ebc29744-caaa-4341-bae8-c86c835f4e69,dd7f992f-b18d-4c96-81d3-048433f8311c,a2e936a7-7186-45c8-8868-f4d826eeb864,reviewed,Strong mind from official pretty.,2026-05-17 15:24:00,2026-05-17 15:24:00
41caea78-72fa-4aa5-8535-4402e5c98484,1f2592b5-65c5-4856-855a-ac39e37e6cd5,a2e936a7-7186-45c8-8868-f4d826eeb864,rejected,Program morning nature leader note together fill smile. Machine wife show another good.,2026-05-17 15:31:10,2026-05-17 15:31:10
02364fe6-1377-4758-bd02-630848eb2b45,cec56f87-1f92-48e5-987b-ec91eaee8f2b,80e20a68-1053-46a0-b7cd-302fc90ad627,rejected,Under Republican expect win stuff realize project child.,2026-05-17 15:27:12,2026-05-17 15:27:12
972d4a2e-0440-4003-8354-9cc2bab16707,792ed612-a5d9-4093-849d-eec973a8199f,80e20a68-1053-46a0-b7cd-302fc90ad627,shortlisted,Off kid hard day religious program.,2026-05-17 15:24:35,2026-05-17 15:24:35
34e70a62-355b-4c82-ac25-8692ace2f3e0,736a07fa-6000-42bb-b7d0-feda0f5d599f,80e20a68-1053-46a0-b7cd-302fc90ad627,shortlisted,Large wish move building agent use.,2026-05-17 15:33:28,2026-05-17 15:33:28
7aed88f7-b872-48ab-86d9-f562ac013274,d3105ea6-d58f-40fe-901c-fe26855262ec,80e20a68-1053-46a0-b7cd-302fc90ad627,pending,Choose wife national medical positive far. Wide senior yes project son.,2026-05-17 15:30:57,2026-05-17 15:30:57
2e1dffdc-b019-4032-bb9a-8ee503e4e2c7,0ae3a222-c6d2-44ea-aeab-1a8d765e3394,e918ae65-c7bf-4494-a8d4-4c983a923cf4,hired,Ready rule too cause nearly final. Pay detail group for part crime.,2026-05-17 15:30:28,2026-05-17 15:30:28
bad5954d-9fdf-407f-97aa-010a17197163,aa5991d7-f983-408e-a9ee-ac60bc576567,e918ae65-c7bf-4494-a8d4-4c983a923cf4,pending,Against Mrs knowledge public beautiful.,2026-05-17 15:28:03,2026-05-17 15:28:03
e045508e-d67e-4b92-a795-a11d1e699cee,f4121ae7-c9cd-4963-9fad-06dd9d5448d9,d8b0e2bb-459d-48f1-b42f-31a6bbddf77e,shortlisted,Fish painting want training guess challenge take.,2026-05-17 15:27:52,2026-05-17 15:27:52
21895246-7d4c-4b78-858d-9198ecceaf85,f0c8bdd1-befb-423f-bb53-5448131e2567,d8b0e2bb-459d-48f1-b42f-31a6bbddf77e,pending,Expect goal within. Because road know yeah sound eye south.,2026-05-17 15:26:10,2026-05-17 15:26:10
89d19b52-b8cd-41e0-9fc7-952217dd1af2,e5df12fe-1b01-4a2c-abdc-fe64adb43316,d8b0e2bb-459d-48f1-b42f-31a6bbddf77e,pending,Cause onto beat debate listen test. At whether series because important trial.,2026-05-17 15:33:22,2026-05-17 15:33:22
833aff2c-2b99-4e2c-a5e1-3d9f61335bbb,fc313297-53cf-4b55-b1cb-174502c55c95,8b4db567-6b55-4919-a469-a526a882589a,rejected,Report sense carry control high network amount. Strong fight nice less agree.,2026-05-17 15:26:42,2026-05-17 15:26:42
499dfe50-6633-48f0-aed4-9db0d1303f06,04f13d90-2fa9-445f-900d-53485cfe2cbe,98146436-8ead-46c6-9ea5-772d2205afcf,shortlisted,What strong line president throughout.,2026-05-17 15:21:45,2026-05-17 15:21:45
10281924-3cbc-43a6-ba26-4c60122eb1e7,f4121ae7-c9cd-4963-9fad-06dd9d5448d9,25accb22-0a57-4ad6-b6dd-e759cfc1b551,pending,Agreement share manage wife out. Ok not than physical live reason.,2026-05-17 15:26:44,2026-05-17 15:26:44
58e0097d-5a4f-4540-a8ff-48b97e33e3e8,da35a768-42b2-43f8-a869-c340c19d195a,25accb22-0a57-4ad6-b6dd-e759cfc1b551,hired,Adult employee ok certainly leave really group. Evening information treatment.,2026-05-17 15:23:10,2026-05-17 15:23:10
fc655d49-94e7-4e2c-b696-491123f4fec4,757da867-17b2-478b-951f-43ab0461fc89,25accb22-0a57-4ad6-b6dd-e759cfc1b551,shortlisted,Morning view message short consumer.,2026-05-17 15:26:00,2026-05-17 15:26:00
d569f1b8-3ce9-4d9a-82ae-fe8acc1b268b,29110fde-40f6-4eba-a245-2629e3f20a85,25accb22-0a57-4ad6-b6dd-e759cfc1b551,reviewed,Follow first suddenly son even recently guy.,2026-05-17 15:22:52,2026-05-17 15:22:52
c09edd4f-1490-4862-9788-b23be6801d18,df3c5796-9673-4c5d-9d75-613190ec4f28,25accb22-0a57-4ad6-b6dd-e759cfc1b551,pending,Actually million health machine. Tv clear design me story somebody.,2026-05-17 15:28:08,2026-05-17 15:28:08
a0730b39-c11d-4940-a23f-56586b168fa8,73784e18-abe1-4850-aa7b-60c8361abf87,ccdfc525-a373-48a0-a44f-89caab65176a,hired,Republican reduce sort individual trouble bring capital. Look find guy.,2026-05-17 15:28:26,2026-05-17 15:28:26
71c16c26-2645-4cdb-9ee4-6cb581d92e66,792ed612-a5d9-4093-849d-eec973a8199f,ccdfc525-a373-48a0-a44f-89caab65176a,pending,Shake garden report agreement sport develop task. Read film decide wonder.,2026-05-17 15:31:32,2026-05-17 15:31:32
6e970ce8-d28d-48a4-99d5-20493602dbae,ea45b849-6853-44a3-9b53-29921a9383dc,ae78ff3d-f828-4ce3-aa58-7efc285cc5e7,pending,Affect machine issue cultural.,2026-05-17 15:26:49,2026-05-17 15:26:49
91ed44dc-2160-42b8-bc17-76584f64988e,e5df12fe-1b01-4a2c-abdc-fe64adb43316,ae78ff3d-f828-4ce3-aa58-7efc285cc5e7,pending,Arrive budget education at property senior site turn. Onto customer provide ahead certainly.,2026-05-17 15:22:07,2026-05-17 15:22:07
24093035-5b75-474f-9b2a-ea76a5ddc40b,6e04c833-cf5d-4bd0-8f9e-93b17f2f7192,05d82f52-c13d-4578-923e-9c84c141f52a,rejected,Girl civil may rock drop now between official.,2026-05-17 15:30:41,2026-05-17 15:30:41
748bd364-f1cd-43b6-9621-d61dde7346d3,fc313297-53cf-4b55-b1cb-174502c55c95,05d82f52-c13d-4578-923e-9c84c141f52a,reviewed,Who commercial senior above rise.,2026-05-17 15:21:54,2026-05-17 15:21:54
93b6d599-3fa1-4bf7-9d2b-6dabce512b6d,482cae79-89e3-4fa6-8cfe-07ef79dfff3f,05d82f52-c13d-4578-923e-9c84c141f52a,rejected,Hand operation keep whatever Congress great here. Method imagine seven fire letter.,2026-05-17 15:32:49,2026-05-17 15:32:49
1afc9238-94d0-4192-9374-81ce13d50825,72d6451f-3ed1-4b05-a01a-e84419ca22ad,a473bdba-d0c5-4c98-bf2a-78fa4a8fc4c8,rejected,Relate news American foreign break exist. Save reach subject difficult imagine world into task.,2026-05-17 15:27:58,2026-05-17 15:27:58
ba6bc9db-3e90-40eb-b5e0-e050a3372cc8,46b88e68-85f9-42a1-897d-f0dd6cb190e3,a473bdba-d0c5-4c98-bf2a-78fa4a8fc4c8,shortlisted,Conference your man black just probably. Budget house reason within.,2026-05-17 15:32:28,2026-05-17 15:32:28
6a44f2d1-3b2b-4db4-9200-fb44138b7852,488184ab-c77d-408b-bcd3-436c32ac832b,a473bdba-d0c5-4c98-bf2a-78fa4a8fc4c8,hired,Hair current customer such.,2026-05-17 15:30:37,2026-05-17 15:30:37
d8e6fb9b-cc3d-4b55-bffb-79f0c8c4766e,d3105ea6-d58f-40fe-901c-fe26855262ec,a473bdba-d0c5-4c98-bf2a-78fa4a8fc4c8,hired,Rise everything require old event smile.,2026-05-17 15:26:35,2026-05-17 15:26:35
136734b2-71a1-4fc2-b1a2-60526afc06a8,7ed80b2d-d291-4327-93e8-71eb067516fb,835d6d27-05e7-4e0e-9474-455337d95b16,shortlisted,Live owner identify machine everything should. Business majority discuss wall.,2026-05-17 15:29:27,2026-05-17 15:29:27
6779a6b5-1fb8-40a5-a56e-9603624a6566,ea45b849-6853-44a3-9b53-29921a9383dc,835d6d27-05e7-4e0e-9474-455337d95b16,rejected,Marriage ago condition painting.,2026-05-17 15:22:05,2026-05-17 15:22:05
fd24e538-bf1a-48eb-9d7f-9936505be942,6a53173b-35c5-43fd-885b-3609e467b21e,835d6d27-05e7-4e0e-9474-455337d95b16,pending,Perhaps set produce mind man letter family marriage.,2026-05-17 15:25:39,2026-05-17 15:25:39
d1567c57-443c-4435-b2ab-674d1428ba44,62b479bb-8b1b-45d5-827c-a2cf9ccce5ca,835d6d27-05e7-4e0e-9474-455337d95b16,pending,Special music adult shake wrong they. Himself fire heavy least.,2026-05-17 15:27:47,2026-05-17 15:27:47
e5d84f16-f3c4-40cd-b563-dc40f2a1c445,d4c104a4-07a4-4210-9809-d3d26bfca000,835d6d27-05e7-4e0e-9474-455337d95b16,shortlisted,Those clearly issue fine home. Notice make network much.,2026-05-17 15:22:07,2026-05-17 15:22:07
d9358943-495f-471b-a551-69316ee7b5c4,736a07fa-6000-42bb-b7d0-feda0f5d599f,e76d848f-664e-478a-a6ae-a24c63e70cd7,pending,Media hot manager wife. Put short expect article opportunity campaign hand special.,2026-05-17 15:27:22,2026-05-17 15:27:22
253316cc-2563-443b-b007-327beaf01e10,cf9f2280-a1cc-400e-8aa0-4d2a74ac3870,e76d848f-664e-478a-a6ae-a24c63e70cd7,reviewed,Herself into yeah in argue each. Possible or travel assume figure.,2026-05-17 15:28:44,2026-05-17 15:28:44
1c10733d-21b0-4892-bf93-cc8e4752844f,757da867-17b2-478b-951f-43ab0461fc89,e76d848f-664e-478a-a6ae-a24c63e70cd7,pending,For leave tell nothing top entire receive.,2026-05-17 15:25:47,2026-05-17 15:25:47
79995374-4112-43b5-b5c9-9ccfc977bba5,6a230dab-3d42-47cd-879e-059bb2e471a0,4fd5e63e-f43a-4015-a41c-fabe5d3649d9,pending,Now follow best major real day. Me share fund pass guy job market.,2026-05-17 15:28:47,2026-05-17 15:28:47
0fc15e57-4bc3-44c4-a2d6-5364443b36c1,73784e18-abe1-4850-aa7b-60c8361abf87,793d8c87-5653-483a-95ab-4b8e97f8a35b,pending,Degree enter father of source person when.,2026-05-17 15:31:54,2026-05-17 15:31:54
51de1045-8c60-486a-bc91-2367a600b9f3,fc313297-53cf-4b55-b1cb-174502c55c95,793d8c87-5653-483a-95ab-4b8e97f8a35b,hired,Option event note most. Decide somebody prepare few sound item.,2026-05-17 15:30:20,2026-05-17 15:30:20
aa351c19-80d2-4338-8d98-688d6e1a4ab1,6a53173b-35c5-43fd-885b-3609e467b21e,793d8c87-5653-483a-95ab-4b8e97f8a35b,shortlisted,I person law shake Congress affect.,2026-05-17 15:28:12,2026-05-17 15:28:12
a5ef9a3c-6e97-4dec-92cb-56d35d0e41c0,da8485cf-230f-4722-a87e-ecb65df26ce4,1f95ee40-8255-40d3-aa20-abd311effafb,rejected,Material produce station visit environmental point speak.,2026-05-17 15:30:10,2026-05-17 15:30:10
84a0cc99-85ef-4240-b2c0-c65efc8fa9f8,d173e94d-ad5c-4e3a-a6d7-454af2494810,1f95ee40-8255-40d3-aa20-abd311effafb,pending,Risk art customer leg drive second she. Improve team treat plant suffer environment.,2026-05-17 15:31:57,2026-05-17 15:31:57
da38cee3-2d07-4d6c-ad5c-5705afe7a846,7ed80b2d-d291-4327-93e8-71eb067516fb,1f95ee40-8255-40d3-aa20-abd311effafb,pending,Rather door draw change agree.,2026-05-17 15:25:10,2026-05-17 15:25:10
6d1db85c-983a-4651-8db7-568cc6c0cff7,1f2592b5-65c5-4856-855a-ac39e37e6cd5,1f95ee40-8255-40d3-aa20-abd311effafb,rejected,Magazine yard instead town dark evening ahead.,2026-05-17 15:31:17,2026-05-17 15:31:17
dc30b965-a0d3-469a-bf2d-7d68515d82ee,7aa54620-5105-4efd-9b10-c992ea9f72ca,2d97ddae-92ab-4e58-a330-839180ad095d,shortlisted,Compare system white magazine after teacher base.,2026-05-17 15:31:12,2026-05-17 15:31:12
d9b12843-9042-49c7-96b8-1a9b0d7c277d,cf9f2280-a1cc-400e-8aa0-4d2a74ac3870,2d97ddae-92ab-4e58-a330-839180ad095d,shortlisted,To public though however style successful.,2026-05-17 15:28:57,2026-05-17 15:28:57
27f0ba70-ea05-41b2-8f20-9b07aaf1b631,2a7ac985-b35f-49ab-aa94-5559ff772390,2d97ddae-92ab-4e58-a330-839180ad095d,pending,Usually miss stock wear use edge this. Outside significant finish strategy say.,2026-05-17 15:24:33,2026-05-17 15:24:33
c549c5af-ee0a-4837-9799-7854e70d2608,558df7ef-2921-4ad1-80e5-d556f61a1b82,90a9d186-482c-49a6-b239-b4f579eea7a3,pending,Design blood degree ever impact television.,2026-05-17 15:31:24,2026-05-17 15:31:24
087ab04b-983e-4b34-ad50-3a102d05ba23,bf44c456-de39-4fde-913d-eabde4d0222c,90a9d186-482c-49a6-b239-b4f579eea7a3,reviewed,Record both nation little east everyone. Guy resource start again.,2026-05-17 15:22:24,2026-05-17 15:22:24
b0d189d4-b9fd-43f3-958b-a531d3253941,13da5716-e762-4b5d-8c6f-c02a42f1c614,c0c477b5-07d8-4fb0-bfb1-f1966dbb12af,hired,Success production wait. Education his police red total.,2026-05-17 15:33:20,2026-05-17 15:33:20
fc7455e7-f2b8-4bf9-91fe-0dd7db79e134,6a230dab-3d42-47cd-879e-059bb2e471a0,ad0d042d-e3e3-448f-9720-4633ac6e9604,hired,Tax home travel hotel within. Feeling view series father teacher.,2026-05-17 15:29:57,2026-05-17 15:29:57
b5bfb270-5554-46c1-816e-7a24415b3fe7,a54f1628-6db2-4558-914e-e51065c13964,ad0d042d-e3e3-448f-9720-4633ac6e9604,hired,First speech popular smile ever bag single man. Unit four institution truth beyond civil.,2026-05-17 15:23:39,2026-05-17 15:23:39
787bef93-e62c-48d4-8f35-9f17b3746945,73784e18-abe1-4850-aa7b-60c8361abf87,42398576-01e9-42ff-8738-69490c7fad47,shortlisted,Inside role natural force receive seven.,2026-05-17 15:24:51,2026-05-17 15:24:51
e198e157-a3b3-4d4e-9d36-31d8abd0544c,6a53173b-35c5-43fd-885b-3609e467b21e,42398576-01e9-42ff-8738-69490c7fad47,pending,Kitchen political able customer figure office book economic.,2026-05-17 15:29:25,2026-05-17 15:29:25
6733d036-fa0d-412e-b49f-40bde2c23c1c,cec56f87-1f92-48e5-987b-ec91eaee8f2b,42398576-01e9-42ff-8738-69490c7fad47,pending,Rate society floor long same end reach step.,2026-05-17 15:30:17,2026-05-17 15:30:17
5a13931e-9b38-46d7-bf0a-585166dcdf64,72d6451f-3ed1-4b05-a01a-e84419ca22ad,fce7cfe5-e278-4d7b-af7e-54aaa7e5f40a,pending,Increase consider then war.,2026-05-17 15:31:19,2026-05-17 15:31:19
91d686ea-8431-4064-aae7-9054d5caa57a,1f2592b5-65c5-4856-855a-ac39e37e6cd5,fce7cfe5-e278-4d7b-af7e-54aaa7e5f40a,hired,Way type positive.,2026-05-17 15:32:20,2026-05-17 15:32:20
ec49999e-a37f-4e66-84cc-0947c54d5303,29110fde-40f6-4eba-a245-2629e3f20a85,5f86de62-8dbf-409f-a992-49fa1cdf5e5c,pending,Cup red collection husband investment employee become.,2026-05-17 15:29:15,2026-05-17 15:29:15
e5e648fb-47b0-40ad-829f-9b2e0cd12df1,2f1b76e7-041c-4081-9601-ae7b78ce4abb,5f86de62-8dbf-409f-a992-49fa1cdf5e5c,reviewed,Add moment significant up. Budget require course technology site explain management.,2026-05-17 15:26:08,2026-05-17 15:26:08
f3d07ef2-9b44-4a76-9ff9-e58684caf2e4,cec56f87-1f92-48e5-987b-ec91eaee8f2b,5f86de62-8dbf-409f-a992-49fa1cdf5e5c,pending,Democratic station risk country Congress society agreement wish.,2026-05-17 15:23:17,2026-05-17 15:23:17
c00dcba7-819e-40f7-86f1-3d48aae3efa6,12aa5758-7542-44aa-a4b6-659bc19aeb64,5f86de62-8dbf-409f-a992-49fa1cdf5e5c,pending,Hard range leader action card. Window huge defense himself interest others.,2026-05-17 15:24:33,2026-05-17 15:24:33
7eb7be4c-24b4-40d2-baad-f6d1e71ae3b9,6a53173b-35c5-43fd-885b-3609e467b21e,7b2c402b-31a4-4520-9c27-ec7ad4b0d7a9,pending,Appear use likely great. Vote whose our security animal effect people few.,2026-05-17 15:22:36,2026-05-17 15:22:36
6ee761e2-0791-44bf-95b1-272c746569f1,da35a768-42b2-43f8-a869-c340c19d195a,65c670c6-2728-485b-877c-9769a8f95ce9,reviewed,Whose nice oil employee. Manage fund life bed report item employee.,2026-05-17 15:26:28,2026-05-17 15:26:28
5f41af89-ae3a-40bd-8618-60dae62d4f57,73784e18-abe1-4850-aa7b-60c8361abf87,65c670c6-2728-485b-877c-9769a8f95ce9,pending,The strong security unit executive theory party.,2026-05-17 15:25:29,2026-05-17 15:25:29
bd562029-1613-4887-a077-caeeb99f5ed1,d173e94d-ad5c-4e3a-a6d7-454af2494810,b72a2958-4393-48e6-8797-ccd937d69d1e,pending,Fine throughout firm yes shake character table.,2026-05-17 15:30:52,2026-05-17 15:30:52
9e5321b6-a824-4b3c-baeb-6a253cbeee71,b7bcc288-58b4-4f4a-b9d3-637d67015e07,b72a2958-4393-48e6-8797-ccd937d69d1e,shortlisted,Country approach consumer. Employee relationship job yet until American ground.,2026-05-17 15:29:37,2026-05-17 15:29:37
df371e31-40ae-45ce-ba51-4f512008f9b7,3c11acb6-df69-4db2-bfb3-b8d40dc0ad58,b72a2958-4393-48e6-8797-ccd937d69d1e,pending,Manage suffer term buy behavior test Congress. Seek state none production.,2026-05-17 15:30:14,2026-05-17 15:30:14
c57e48ae-8def-4463-9742-92d582853e10,df3c5796-9673-4c5d-9d75-613190ec4f28,b72a2958-4393-48e6-8797-ccd937d69d1e,reviewed,Short Congress turn east marriage behind forget.,2026-05-17 15:24:16,2026-05-17 15:24:16
