stage_id,application_id,stage_name,stage_order,status,scheduled_at,completed_at,notes
6730a140-5c94-47a6-924c-9d0d399191e4,7eabdcaf-dff7-4b74-8d20-94b96d59e7e7,CV Review,1,failed,2026-05-17 15:31:33,,
6997fd21-d8d6-4033-8159-23e9a8702b04,7eabdcaf-dff7-4b74-8d20-94b96d59e7e7,Online Assessment,2,withdrawn,,,Thank notice management necessary.
102a6588-5e7e-4738-a074-f7de7dc27bb9,7eabdcaf-dff7-4b74-8d20-94b96d59e7e7,Manager Interview,3,passed,,,
62204c88-2212-48ef-8dae-95c57689ed05,9cc2a4b9-2156-4c1f-8883-e902bf483da4,Phone Screen,1,withdrawn,2026-05-17 15:31:41,,Public owner compare open second camera value.
b579c873-9b14-40df-a352-27bccea0248c,9cc2a4b9-2156-4c1f-8883-e902bf483da4,Technical Round,2,pending,,,Thing rock ever summer age.
644adce0-6998-4400-b60d-df3fda90877b,9cc2a4b9-2156-4c1f-8883-e902bf483da4,Culture Fit,3,failed,,,Pass quite third ability interview pull practice.
c59bbfd7-5277-4650-8b4d-442484ad56e8,ee457a93-59f3-4003-a3fe-adee1b70ad88,CV Review,1,withdrawn,2026-05-17 15:32:51,,Item yet ever quite level guess.
8ebd7b0c-88c8-4a23-96af-90e5ef15b0aa,ee457a93-59f3-4003-a3fe-adee1b70ad88,Online Assessment,2,withdrawn,,,This different everyone.
d4299f9e-373b-4dae-9563-96d2fe6afac1,ee457a93-59f3-4003-a3fe-adee1b70ad88,Manager Interview,3,pending,,,
42cf5997-2103-4114-b6c6-bf0f7fb5afa6,124fcc0f-4468-4c67-922f-9bca794914d3,CV Review,1,pending,2026-05-17 15:30:15,,First hot free they space wrong difficult.
1c328438-530f-4d00-ba5f-c0a69e230dc9,124fcc0f-4468-4c67-922f-9bca794914d3,Online Assessment,2,passed,,,When true culture forget as personal.
36786923-d2f1-4d63-8961-d964a406a16e,124fcc0f-4468-4c67-922f-9bca794914d3,Manager Interview,3,passed,,,
d162f126-ab81-4c71-8e8b-bd0aecaeabf9,c314470e-62c2-4844-9512-df81d001b197,CV Review,1,passed,2026-05-17 15:27:54,,
46d2df82-d7da-445b-972d-a9c1a4e07437,c314470e-62c2-4844-9512-df81d001b197,Online Assessment,2,pending,,,
5407c96e-de33-4768-9e4e-c6a10140f55c,c314470e-62c2-4844-9512-df81d001b197,Manager Interview,3,withdrawn,,,Space or phone free economy blue.
0864ab69-f376-4c1d-acdb-0675b57fa200,974e9905-6916-4ec2-9de2-a9bfeafa428d,Phone Screen,1,pending,2026-05-17 15:29:09,,
2f4f8a38-b54c-4289-8198-b633b9f9cdb9,974e9905-6916-4ec2-9de2-a9bfeafa428d,Technical Round,2,pending,,,Strategy start mind door authority outside.
dbc03379-77b2-4a04-98e1-5987f0c45fba,974e9905-6916-4ec2-9de2-a9bfeafa428d,Culture Fit,3,passed,,,Shake personal often beat art almost.
347e26a3-fee3-43c0-a998-6ad8cc5a56ac,003b2c86-3d45-4694-915a-8c6695e862fc,CV Review,1,passed,2026-05-17 15:29:36,,Site artist sort area.
b711f9a1-a542-4eba-a989-95c29d6d0d5d,003b2c86-3d45-4694-915a-8c6695e862fc,Online Assessment,2,failed,,,Phone assume quality nice far high benefit sell.
abed8aea-1996-4c95-8bc2-fe64405f30ff,003b2c86-3d45-4694-915a-8c6695e862fc,Manager Interview,3,failed,,,
5afddaca-bf69-430f-ac86-1c67d4819c17,ab6d1cce-2884-45a3-84c5-194b463fe0ae,CV Review,1,failed,2026-05-17 15:29:07,,
3304e43b-5cf4-4f88-9641-c0c91e20752a,ab6d1cce-2884-45a3-84c5-194b463fe0ae,Online Assessment,2,failed,,,Skin perhaps law less into per big prepare.
1893117f-2deb-4fc1-81e3-6185c9f26603,ab6d1cce-2884-45a3-84c5-194b463fe0ae,Manager Interview,3,pending,,,
8f1d0ca8-8701-4526-84d4-f37ef731a5b5,ead78b82-a9d8-47a9-a3e9-c6ef8baedc48,Phone Screen,1,failed,2026-05-17 15:31:47,,Law foreign court.
e7d41e50-31f9-4fe0-9162-897368cc759e,ead78b82-a9d8-47a9-a3e9-c6ef8baedc48,Technical Round,2,withdrawn,,,
326c76cd-046a-42e7-8f5f-03f2b94a27f6,ead78b82-a9d8-47a9-a3e9-c6ef8baedc48,Culture Fit,3,passed,,,
69339865-4c12-4506-8cb9-226db56a16fd,b7380fca-7ced-4e1f-9c7b-5878912d4f20,HR Screening,1,passed,2026-05-17 15:28:20,,Require or subject toward call meeting green loss.
9681dd18-3516-4cd8-aa32-e9514af21e3f,b7380fca-7ced-4e1f-9c7b-5878912d4f20,Technical Test,2,pending,,,
3b9e19bd-2298-43f0-8703-ae4406149c37,b7380fca-7ced-4e1f-9c7b-5878912d4f20,Final Interview,3,pending,,,
405132b0-e9ac-4832-a6fd-0368e1d19262,28295804-2683-4704-9ce1-dd1681f0c0a8,HR Screening,1,pending,2026-05-17 15:31:27,,
5f7008a3-caf7-44a9-863f-0461adada71e,28295804-2683-4704-9ce1-dd1681f0c0a8,Technical Test,2,failed,,,During someone art find.
2b9300ae-3685-44d5-82c2-d61361251821,28295804-2683-4704-9ce1-dd1681f0c0a8,Final Interview,3,passed,,,Message prepare group on must certainly.
4249f57d-2f45-4eb4-af61-a306f5b6c8e4,dab353be-c5d4-4ad1-85c6-fb6e3cf67dbb,CV Review,1,failed,2026-05-17 15:30:33,,
a4e63e64-cbe3-4918-9f11-1339b8dfb58f,dab353be-c5d4-4ad1-85c6-fb6e3cf67dbb,Online Assessment,2,failed,,,
777fc570-09d2-4abc-862e-642e3cb4beb2,dab353be-c5d4-4ad1-85c6-fb6e3cf67dbb,Manager Interview,3,pending,,,
428b07bc-4a94-461c-9af2-2e2b08ca51d7,bb884fe9-a0e6-42e1-977b-bcbf1dc8de45,CV Review,1,passed,2026-05-17 15:31:21,,Hard account only question arm.
4eba93d0-42c9-457b-b724-a9d6b4a7c27f,bb884fe9-a0e6-42e1-977b-bcbf1dc8de45,Online Assessment,2,failed,,,
df1de687-cc88-46da-b0e2-b887c8073c00,bb884fe9-a0e6-42e1-977b-bcbf1dc8de45,Manager Interview,3,passed,,,Standard nice area gas with policy cut.
d34eeedc-d0aa-43f4-8274-f876b7e8bf81,4fa71fc3-664f-4d97-bcd2-0c65bacde81a,Phone Screen,1,pending,2026-05-17 15:28:08,,
c06412e5-e202-4f7c-a72d-1854dcd0f5e1,4fa71fc3-664f-4d97-bcd2-0c65bacde81a,Technical Round,2,withdrawn,,,Property reason word outside former.
6b6e186b-840e-4870-88bb-a11dfb9507a5,4fa71fc3-664f-4d97-bcd2-0c65bacde81a,Culture Fit,3,pending,,,
0b1e8475-266c-48f6-8d84-48507b319710,598a2cc5-4a38-4125-93a4-51a4d02e06be,HR Screening,1,pending,2026-05-17 15:31:12,,
a89255d7-e337-46f5-96ba-aef8044b2937,598a2cc5-4a38-4125-93a4-51a4d02e06be,Technical Test,2,failed,,,
1da9e4a3-83b0-4dfb-bc68-fc0b152717e6,598a2cc5-4a38-4125-93a4-51a4d02e06be,Final Interview,3,failed,,,Pattern industry class lawyer smile among.
eab24609-9693-4064-b638-4feca89f8b93,f570a1da-c33f-4dbb-9f5b-1f5b8e4f5b7d,HR Screening,1,pending,2026-05-17 15:29:02,,Police really level.
45d4ff09-c212-4dd5-b70a-f3494576c084,f570a1da-c33f-4dbb-9f5b-1f5b8e4f5b7d,Technical Test,2,passed,,,Dream same weight former science.
b99f892a-7ba8-4a09-97e6-65fd1e1b629d,f570a1da-c33f-4dbb-9f5b-1f5b8e4f5b7d,Final Interview,3,passed,,,
0b005cc4-2c49-4cec-8c60-3f59f9812884,c47faea7-2893-454e-bb3e-4edb801652fe,Phone Screen,1,pending,2026-05-17 15:28:57,,
ae98205f-5f3a-4634-b2c8-8b68582a3434,c47faea7-2893-454e-bb3e-4edb801652fe,Technical Round,2,failed,,,Step according act group.
4947e105-62c8-4e8e-822a-54622d8989da,c47faea7-2893-454e-bb3e-4edb801652fe,Culture Fit,3,failed,,,
92c19202-c1f2-40b6-a8a0-a210d4dd1d3f,502f5906-100a-4966-b448-225b5a4f35d4,CV Review,1,passed,2026-05-17 15:31:03,,Fact create one she.
4cb3b769-2979-4860-9bcc-1a91679df3ce,502f5906-100a-4966-b448-225b5a4f35d4,Online Assessment,2,pending,,,
5b92bc37-b104-46fb-8a2b-3619d56ebd31,502f5906-100a-4966-b448-225b5a4f35d4,Manager Interview,3,pending,,,Wish current exist.
35c62e25-0457-4bf7-baba-cfb78ab6b904,ef1e9298-1694-4323-8cc7-05e9c82be83f,CV Review,1,passed,2026-05-17 15:29:02,,Responsibility fund never condition again.
82fc1309-73e9-4835-bdb8-48f13ad99bf2,ef1e9298-1694-4323-8cc7-05e9c82be83f,Online Assessment,2,passed,,,Treat again quality her skin.
c63ded61-54fc-4e43-9afa-7fc8f35f28ea,ef1e9298-1694-4323-8cc7-05e9c82be83f,Manager Interview,3,pending,,,Full decision lay hard.
34e5d42a-47ee-4a63-843b-f3dcf23ecf69,80d49099-1bf5-4def-8a62-e0a725c5b36c,HR Screening,1,passed,2026-05-17 15:29:58,,Wait with young think.
15aebab8-7b74-46de-98b7-4cb75650f80f,80d49099-1bf5-4def-8a62-e0a725c5b36c,Technical Test,2,withdrawn,,,
b5927eda-f19a-47a0-81e1-0564a48fbfe7,80d49099-1bf5-4def-8a62-e0a725c5b36c,Final Interview,3,passed,,,
c5d64a36-1625-45a3-bbe6-1fba663d80d8,c589b46a-5001-4113-b71b-799465c3f0a5,HR Screening,1,passed,2026-05-17 15:33:00,,Budget third capital couple.
62d88172-2237-4b3b-bf8c-d5edf56e8533,c589b46a-5001-4113-b71b-799465c3f0a5,Technical Test,2,withdrawn,,,
e6c69b2e-54e2-4e1c-81ed-6e157708ca07,c589b46a-5001-4113-b71b-799465c3f0a5,Final Interview,3,passed,,,
6ccd85d6-e2d8-482e-ab37-9433b18e8980,c96897fa-8917-4f7a-b1ae-87ff8ca57352,Phone Screen,1,pending,2026-05-17 15:30:55,,
4755484f-cea9-4aca-9fc4-c930e24c58a1,c96897fa-8917-4f7a-b1ae-87ff8ca57352,Technical Round,2,passed,,,
733a7958-7e4e-48fa-8ac6-e21b83159d07,c96897fa-8917-4f7a-b1ae-87ff8ca57352,Culture Fit,3,failed,,,Fish involve player TV several onto.
04272d56-8e4f-4f4a-99a7-ad1cf4944978,12247176-271a-433f-85a4-b6258cb960f0,CV Review,1,pending,2026-05-17 15:32:51,,
82646102-d0eb-4f9f-903d-dd5c825e9a7b,12247176-271a-433f-85a4-b6258cb960f0,Online Assessment,2,withdrawn,,,
e63d2cca-6c0b-4a1b-8f87-ea2d6093e04d,12247176-271a-433f-85a4-b6258cb960f0,Manager Interview,3,failed,,,
5834ae42-6fc7-45db-9ee9-61b55cf8d7a1,5cacb4a8-ac79-486d-a055-0f4a950636b8,CV Review,1,failed,2026-05-17 15:29:29,,Foreign apply somebody their.
2f97e48f-959f-443b-9bf2-b99a8dd80436,5cacb4a8-ac79-486d-a055-0f4a950636b8,Online Assessment,2,withdrawn,,,
fe3aaa1b-75a2-403e-95c5-0e3185df262f,5cacb4a8-ac79-486d-a055-0f4a950636b8,Manager Interview,3,withdrawn,,,
0eb9ef9a-6b57-4cec-a817-a382ace77d0b,cc730cd5-b7fb-4fda-bab3-e2046cec2fce,Phone Screen,1,passed,2026-05-17 15:32:50,,Though decide bank likely professional ask meet seem.
ccc13676-7337-48e7-9686-2a52a2ddd438,cc730cd5-b7fb-4fda-bab3-e2046cec2fce,Technical Round,2,withdrawn,,,Hear million condition Republican moment low what.
16336e6e-3ce0-4e57-ad86-852849cc7aac,cc730cd5-b7fb-4fda-bab3-e2046cec2fce,Culture Fit,3,failed,,,
cd7f12e8-9e83-49ca-a057-4fadcb1406ce,a0730b39-c11d-4940-a23f-56586b168fa8,CV Review,1,withdrawn,2026-05-17 15:31:48,,Determine think someone store.
5f05664b-73ca-40fd-882c-54fa8bd210f6,be116a48-5e88-4060-bdeb-53eb2f9f867c,CV Review,1,withdrawn,2026-05-17 15:30:34,,Husband TV once already detail data tell how.
c92622ee-10a4-48e8-8ce4-5cacc6210508,be116a48-5e88-4060-bdeb-53eb2f9f867c,Online Assessment,2,withdrawn,,,
559bf6c0-6e8b-4018-b5d2-04a4e8d30a8c,be116a48-5e88-4060-bdeb-53eb2f9f867c,Manager Interview,3,pending,,,
4e00dfe1-ef2d-4780-bc18-350512a1efaf,0b33c4cd-1b81-47e1-a047-7491cbb27033,Phone Screen,1,withdrawn,2026-05-17 15:29:34,,Number very hear nearly care base.
2368b7bc-9514-431b-890b-2a43409cb0eb,0b33c4cd-1b81-47e1-a047-7491cbb27033,Technical Round,2,pending,,,Million discover American mention from later.
0919a4c6-e7e4-419e-a40f-18c900811a00,0b33c4cd-1b81-47e1-a047-7491cbb27033,Culture Fit,3,passed,,,
8cf9fbb9-66e0-4bce-b90c-925f04339b4e,161294fe-480c-43d2-95fa-f0ae144ee124,HR Screening,1,failed,2026-05-17 15:30:19,,
27d927d1-3d27-4f95-9e65-b75d33152822,161294fe-480c-43d2-95fa-f0ae144ee124,Technical Test,2,withdrawn,,,
909b5464-a8ba-45a1-b6ee-cc9ab2c03c4f,161294fe-480c-43d2-95fa-f0ae144ee124,Final Interview,3,withdrawn,,,Source first him conference doctor population.
766954ac-3919-4566-8555-5b5f3d264d2a,14eb709d-3764-4a72-9688-b8c31dae11a7,Phone Screen,1,failed,2026-05-17 15:29:53,,Family maybe national back.
cfa2a886-1db5-4026-92d5-cd50db515f87,14eb709d-3764-4a72-9688-b8c31dae11a7,Technical Round,2,withdrawn,,,
cccda759-840a-4e17-956a-58a7cfd48388,14eb709d-3764-4a72-9688-b8c31dae11a7,Culture Fit,3,withdrawn,,,Unit better author although customer.
7d02a1db-83d7-4fc6-b565-da280484f090,2ee45034-fd0f-48cc-9ade-bd86075b52a2,CV Review,1,failed,2026-05-17 15:28:54,,
2eb74b71-dd2e-4dd9-ac62-f41a2aa766d8,2ee45034-fd0f-48cc-9ade-bd86075b52a2,Online Assessment,2,withdrawn,,,
38c6e6f2-4cc1-4e0b-a2a8-ecc6991bf764,2ee45034-fd0f-48cc-9ade-bd86075b52a2,Manager Interview,3,failed,,,
3de4981c-6d38-42e5-9a5e-908b9c66c327,7b7984e6-dba3-4800-83a0-1390ec00b249,HR Screening,1,passed,2026-05-17 15:29:42,,
2cf4eeb8-2c74-457f-bff7-29cb60937192,7b7984e6-dba3-4800-83a0-1390ec00b249,Technical Test,2,pending,,,Seat shoulder suddenly course page.
1209b41d-631f-422e-b9d7-77cb41edc3d6,7b7984e6-dba3-4800-83a0-1390ec00b249,Final Interview,3,withdrawn,,,Your sell science treatment.
e274235b-46cf-4353-b94b-2b655c3ccd69,5f15964b-3504-4c37-a4f7-b87b9b19d856,HR Screening,1,withdrawn,2026-05-17 15:27:47,,Example get you watch state.
5f3820b1-e100-435c-87d7-008389cfa16a,5f15964b-3504-4c37-a4f7-b87b9b19d856,Technical Test,2,failed,,,
485409d2-2ade-4994-964d-72c783b37a1a,5f15964b-3504-4c37-a4f7-b87b9b19d856,Final Interview,3,pending,,,Line mention seven.
5c3448df-4a0d-425d-84d0-5c2b817c009c,44810481-5503-4464-aaf7-71ad06f8c7cc,CV Review,1,withdrawn,2026-05-17 15:28:37,,Dinner rich decide do only need.
cfed47fe-7793-48c5-b1de-7aa44aecd3bf,44810481-5503-4464-aaf7-71ad06f8c7cc,Online Assessment,2,passed,,,
1807b2f2-a65f-4bfd-8a85-939acf418dcd,44810481-5503-4464-aaf7-71ad06f8c7cc,Manager Interview,3,withdrawn,,,
4c3ef747-6fe0-47f0-86b9-50af3fb54438,b58eb780-9fa6-4ff7-ad54-b85d5b5644f7,Phone Screen,1,failed,2026-05-17 15:30:32,,Future beat suffer investment walk individual just.
9d692bcb-471b-4393-9bff-38053dc8301a,b58eb780-9fa6-4ff7-ad54-b85d5b5644f7,Technical Round,2,pending,,,Air catch them figure scene matter probably.
80d14828-28df-4871-b3dc-d2e775bf9344,b58eb780-9fa6-4ff7-ad54-b85d5b5644f7,Culture Fit,3,pending,,,Fund industry rate idea single Mrs.
7c4cded7-bea4-431d-a497-f38a57e47060,a99bd1b8-4566-4d6f-9c65-19e5ee060d72,HR Screening,1,withdrawn,2026-05-17 15:29:41,,
d1c03d94-ac7c-49ae-b084-76f0044dc62d,a99bd1b8-4566-4d6f-9c65-19e5ee060d72,Technical Test,2,withdrawn,,,
8efc21ce-fcd6-41f1-8bb3-69da5dd5d4cc,a99bd1b8-4566-4d6f-9c65-19e5ee060d72,Final Interview,3,pending,,,
d44de2b7-0afb-4619-8595-616bd6f4a659,35bd054d-8bfe-46d7-bdda-cb3727f25616,CV Review,1,failed,2026-05-17 15:27:52,,Two child well.
861dd9c8-0d45-46b4-b3b3-f1205b538603,35bd054d-8bfe-46d7-bdda-cb3727f25616,Online Assessment,2,passed,,,
77b4fe2a-23bd-426b-90d6-d35261c9a696,35bd054d-8bfe-46d7-bdda-cb3727f25616,Manager Interview,3,passed,,,
f50a26f8-7dfa-4c5f-802e-3bca46159bdb,3b797763-6861-4488-844b-07a599d3ba3f,Phone Screen,1,withdrawn,2026-05-17 15:29:42,,Sometimes trial off hospital high we as hit.
aee1c45b-5711-4bc3-ba54-6c1dfed1e8de,3b797763-6861-4488-844b-07a599d3ba3f,Technical Round,2,withdrawn,,,Board notice later thus behavior bit need.
bfa65856-2bd9-43e0-ab0b-cd0960ed09d5,3b797763-6861-4488-844b-07a599d3ba3f,Culture Fit,3,withdrawn,,,
14fbd109-75dc-4ea2-b830-f75e6afeb248,e499af84-7ceb-4291-a0fb-b13e64234f78,HR Screening,1,pending,2026-05-17 15:27:55,,
4d41bf8a-c922-4918-bca3-a49b1362dbe8,e499af84-7ceb-4291-a0fb-b13e64234f78,Technical Test,2,withdrawn,,,Major cost attorney white exist do process attorney.
cd99e5dd-bb41-46a0-837c-96fac9691770,e499af84-7ceb-4291-a0fb-b13e64234f78,Final Interview,3,withdrawn,,,Happy action force travel.
c135fb4d-d41c-4535-8241-6b658b65f5f4,d753e69d-92d9-491a-9295-286f0920ab72,Phone Screen,1,failed,2026-05-17 15:30:04,,
9f5195ba-b3f3-4312-8909-eedc6ed5c441,d753e69d-92d9-491a-9295-286f0920ab72,Technical Round,2,pending,,,Can industry sea home.
5972f52a-c582-43e2-9152-ec53188123da,d753e69d-92d9-491a-9295-286f0920ab72,Culture Fit,3,passed,,,Candidate day it report little.
122fc26d-dc32-4e1c-b1b2-83b4cf86f46c,71afa508-626c-4c80-adad-f1b6511cbd29,Phone Screen,1,pending,2026-05-17 15:31:21,,Onto maybe range every account.
ebc7af06-4928-47a6-9f61-ce0f9d4924c9,71afa508-626c-4c80-adad-f1b6511cbd29,Technical Round,2,failed,,,
a658e9d6-5a08-4be8-9a7f-b295aa7582c4,71afa508-626c-4c80-adad-f1b6511cbd29,Culture Fit,3,withdrawn,,,
9e8b50bf-f9e3-4647-98bc-ef74e24bc7e9,87aa8b05-ab64-4705-8512-268bdf0cb6dd,Phone Screen,1,withdrawn,2026-05-17 15:28:35,,
4dd3309b-a9c1-4b78-ae1f-4136629bab2f,87aa8b05-ab64-4705-8512-268bdf0cb6dd,Technical Round,2,passed,,,
d333d199-6567-488e-8471-0ca6951bf7e1,87aa8b05-ab64-4705-8512-268bdf0cb6dd,Culture Fit,3,failed,,,Station painting east forget.
6a66a63f-3eaf-4a9d-8055-4ee0ec3b652e,57f68e79-7da2-4b9a-85af-eb560be0e6e4,CV Review,1,pending,2026-05-17 15:31:08,,Least office say explain thing lead red.
2bc405d9-b881-4777-9f6f-0d59d8e61f67,57f68e79-7da2-4b9a-85af-eb560be0e6e4,Online Assessment,2,pending,,,
302cfd52-313f-4988-b3e5-4f3f7ca0a007,57f68e79-7da2-4b9a-85af-eb560be0e6e4,Manager Interview,3,pending,,,Hospital statement sure indeed conference.
1b72a966-04cb-420a-b30e-9f2652b85408,4c35b4c9-0215-41b9-a06f-ebabff47f70d,HR Screening,1,withdrawn,2026-05-17 15:31:26,,Leader treat contain notice hour watch.
ae6f41a4-2272-40de-8e77-af237c2a7a8b,4c35b4c9-0215-41b9-a06f-ebabff47f70d,Technical Test,2,withdrawn,,,Those citizen think Mrs project.
fac02e79-0b3b-4b85-b01c-d490b6b9aecb,4c35b4c9-0215-41b9-a06f-ebabff47f70d,Final Interview,3,withdrawn,,,
98435ffc-ef10-445b-a334-9caf5b7ffe20,972d4a2e-0440-4003-8354-9cc2bab16707,CV Review,1,withdrawn,2026-05-17 15:28:08,,Training in seven building hard.
37571a6c-bbd7-4008-846b-426e9626ce8b,972d4a2e-0440-4003-8354-9cc2bab16707,Online Assessment,2,failed,,,
e5f35241-df14-4097-b62a-39ee13ef5feb,972d4a2e-0440-4003-8354-9cc2bab16707,Manager Interview,3,withdrawn,,,
60183ba3-757b-4134-9da5-8e56d93e07eb,34e70a62-355b-4c82-ac25-8692ace2f3e0,HR Screening,1,withdrawn,2026-05-17 15:32:15,,
0e927ef6-512a-4d07-a40f-b41d316886ad,34e70a62-355b-4c82-ac25-8692ace2f3e0,Technical Test,2,passed,,,
5651c5d8-58f3-4eef-a117-e2c4f529ebd1,34e70a62-355b-4c82-ac25-8692ace2f3e0,Final Interview,3,failed,,,
5a6ef75c-06c3-47a7-8acd-e79c72f28e05,2e1dffdc-b019-4032-bb9a-8ee503e4e2c7,Phone Screen,1,failed,2026-05-17 15:30:45,,Improve close debate and ago police.
0d82af0d-5e33-47a1-9819-4f43da8617c8,2e1dffdc-b019-4032-bb9a-8ee503e4e2c7,Technical Round,2,passed,,,
275942be-e804-4c11-b575-97d440fcc30b,2e1dffdc-b019-4032-bb9a-8ee503e4e2c7,Culture Fit,3,pending,,,High second talk however action boy true.
8117eaee-cf59-4981-8d77-96007c5ca496,e045508e-d67e-4b92-a795-a11d1e699cee,CV Review,1,passed,2026-05-17 15:29:41,,
cc35ad0f-6789-4a6f-a46a-28ae09f0b23f,e045508e-d67e-4b92-a795-a11d1e699cee,Online Assessment,2,pending,,,
4d19f68f-9fa3-4eeb-8c7f-6a6604d9250b,e045508e-d67e-4b92-a795-a11d1e699cee,Manager Interview,3,withdrawn,,,Machine attention nature drug wear cell star.
9189bc09-374f-45e7-9bd6-70c1dfa0ac57,499dfe50-6633-48f0-aed4-9db0d1303f06,CV Review,1,pending,2026-05-17 15:32:46,,Stuff parent concern buy.
2006a415-d09a-418e-a830-ad8b6395dec2,499dfe50-6633-48f0-aed4-9db0d1303f06,Online Assessment,2,pending,,,Collection provide action event key concern.
b4876ce8-eedf-4500-847b-eb065f82f380,499dfe50-6633-48f0-aed4-9db0d1303f06,Manager Interview,3,failed,,,
51118fde-f6ed-4241-892c-f278eda86689,58e0097d-5a4f-4540-a8ff-48b97e33e3e8,CV Review,1,withdrawn,2026-05-17 15:32:01,,
ed7e21b5-1602-4330-9f05-b48a0ca78243,58e0097d-5a4f-4540-a8ff-48b97e33e3e8,Online Assessment,2,failed,,,Democratic recent student specific political respond to.
a86c4562-2ca6-46a7-8698-973bcb394168,58e0097d-5a4f-4540-a8ff-48b97e33e3e8,Manager Interview,3,failed,,,Real know our any help cut.
79303f23-e5fb-4550-837f-76e90ec45f29,fc655d49-94e7-4e2c-b696-491123f4fec4,Phone Screen,1,withdrawn,2026-05-17 15:29:13,,Customer administration agreement address star.
5e434984-8c93-4dad-87b2-44d3957924b5,fc655d49-94e7-4e2c-b696-491123f4fec4,Technical Round,2,failed,,,
b5c2bf63-5fdc-4278-8732-991d0325b858,fc655d49-94e7-4e2c-b696-491123f4fec4,Culture Fit,3,withdrawn,,,
6e59b027-4895-4eb8-a005-7e62968d1c3f,a0730b39-c11d-4940-a23f-56586b168fa8,Online Assessment,2,passed,,,Right analysis mention spring.
d8887be8-cdee-480a-bf72-41d10b646860,a0730b39-c11d-4940-a23f-56586b168fa8,Manager Interview,3,passed,,,No couple debate must voice building.
77ac4a71-a054-457f-a0f9-eada4d66b1c2,ba6bc9db-3e90-40eb-b5e0-e050a3372cc8,HR Screening,1,withdrawn,2026-05-17 15:29:00,,
6add4780-16e1-49d0-89ce-02ad36fae50f,ba6bc9db-3e90-40eb-b5e0-e050a3372cc8,Technical Test,2,withdrawn,,,Follow address pressure activity defense detail.
52d25046-e27c-472b-bb4c-032b27650b65,ba6bc9db-3e90-40eb-b5e0-e050a3372cc8,Final Interview,3,pending,,,Practice hard attack despite feeling.
9caee005-91ff-4348-8825-4541d5130ea8,6a44f2d1-3b2b-4db4-9200-fb44138b7852,Phone Screen,1,withdrawn,2026-05-17 15:31:19,,
028de21a-19b8-4b2f-8228-089c3e16b6f0,6a44f2d1-3b2b-4db4-9200-fb44138b7852,Technical Round,2,passed,,,Republican social two notice.
1137a386-a445-4654-8f1d-1aba8958a24b,6a44f2d1-3b2b-4db4-9200-fb44138b7852,Culture Fit,3,failed,,,Where outside wonder recent question.
a5891214-dfb8-4a53-8294-2b62dad37b9b,d8e6fb9b-cc3d-4b55-bffb-79f0c8c4766e,Phone Screen,1,failed,2026-05-17 15:33:34,,Forward play this fish.
f9b1afc5-324b-411e-a531-6f1b4ccd9fc4,d8e6fb9b-cc3d-4b55-bffb-79f0c8c4766e,Technical Round,2,pending,,,Attack adult treatment large memory score me.
29f8e2e5-64ed-4879-954f-0610269f3b5b,d8e6fb9b-cc3d-4b55-bffb-79f0c8c4766e,Culture Fit,3,withdrawn,,,
4ee314ac-bb49-4531-a9a8-321f10fb6e4a,136734b2-71a1-4fc2-b1a2-60526afc06a8,Phone Screen,1,passed,2026-05-17 15:31:57,,
5d7e3037-64b1-42da-8555-093c9046f50a,136734b2-71a1-4fc2-b1a2-60526afc06a8,Technical Round,2,passed,,,
5d5f08ff-c051-4dcf-b2e1-9f0cb05ac7d6,136734b2-71a1-4fc2-b1a2-60526afc06a8,Culture Fit,3,pending,,,
8fba3151-a481-46cd-9133-c2db28510430,e5d84f16-f3c4-40cd-b563-dc40f2a1c445,HR Screening,1,passed,2026-05-17 15:27:48,,Pattern to final.
a6c080f5-911c-4deb-bba9-2e38f19860c0,e5d84f16-f3c4-40cd-b563-dc40f2a1c445,Technical Test,2,failed,,,
cc5a17cf-8ebb-47ca-a5f6-a9c0f3ebbcff,e5d84f16-f3c4-40cd-b563-dc40f2a1c445,Final Interview,3,withdrawn,,,
d86b4b38-57cf-473a-b5ec-23c92646bd3c,51de1045-8c60-486a-bc91-2367a600b9f3,HR Screening,1,passed,2026-05-17 15:32:09,,
b4317c8a-5107-4e4f-b322-a8a749d34fe6,51de1045-8c60-486a-bc91-2367a600b9f3,Technical Test,2,passed,,,
bfa9b316-dc05-4e98-b5fd-c0d7b79548c6,51de1045-8c60-486a-bc91-2367a600b9f3,Final Interview,3,failed,,,People art hear father charge.
bcac94fc-56ab-4186-8ba5-fe7739fcbf93,aa351c19-80d2-4338-8d98-688d6e1a4ab1,HR Screening,1,pending,2026-05-17 15:28:57,,Draw rise write.
e4887417-6d34-410a-a29f-f748244c2627,aa351c19-80d2-4338-8d98-688d6e1a4ab1,Technical Test,2,withdrawn,,,School forget everything poor set minute.
e90dc0d0-b4d6-4310-9a1c-5a54db051467,aa351c19-80d2-4338-8d98-688d6e1a4ab1,Final Interview,3,pending,,,Possible eye agency suggest former drug.
d83a8264-fad8-4bdf-b72c-0073821ffea4,dc30b965-a0d3-469a-bf2d-7d68515d82ee,HR Screening,1,failed,2026-05-17 15:30:58,,Soon recent develop their miss.
6dedf4e5-5317-4519-bbcf-d0e311f90c61,dc30b965-a0d3-469a-bf2d-7d68515d82ee,Technical Test,2,pending,,,Kind accept thank attorney.
bea54612-7248-49d1-8d17-a1be55b2c4b5,dc30b965-a0d3-469a-bf2d-7d68515d82ee,Final Interview,3,withdrawn,,,Appear yeah voice by community.
f277bdf8-69c8-4bf2-a90a-b509f6df5341,d9b12843-9042-49c7-96b8-1a9b0d7c277d,CV Review,1,pending,2026-05-17 15:31:01,,
ae0a6985-f3b2-45e4-9a6f-73f2e15799c7,d9b12843-9042-49c7-96b8-1a9b0d7c277d,Online Assessment,2,passed,,,
590af20c-d3be-4750-8793-f760e86657f5,d9b12843-9042-49c7-96b8-1a9b0d7c277d,Manager Interview,3,pending,,,Door back right find return.
c90313c7-9137-49ea-8293-a66f67af4f84,b0d189d4-b9fd-43f3-958b-a531d3253941,CV Review,1,failed,2026-05-17 15:29:12,,
5841fa6c-121a-469c-a6ba-5b906fe63e94,b0d189d4-b9fd-43f3-958b-a531d3253941,Online Assessment,2,pending,,,
10a44e03-2fa2-4088-856a-eba26fc70f27,b0d189d4-b9fd-43f3-958b-a531d3253941,Manager Interview,3,pending,,,Paper field office whose.
60c8a81c-3c83-4f71-a7a6-f180f98dcee1,fc7455e7-f2b8-4bf9-91fe-0dd7db79e134,Phone Screen,1,failed,2026-05-17 15:28:56,,Bag win huge cold kid measure same.
f75093d4-b627-4d03-8fda-b29b849d1990,fc7455e7-f2b8-4bf9-91fe-0dd7db79e134,Technical Round,2,withdrawn,,,Standard soldier after high.
069c94b2-ca8b-40a5-b5c0-c4977c880a64,fc7455e7-f2b8-4bf9-91fe-0dd7db79e134,Culture Fit,3,passed,,,Serve TV organization check.
e214a64a-cf09-4d17-bc5c-51ea9db1a5e0,b5bfb270-5554-46c1-816e-7a24415b3fe7,HR Screening,1,passed,2026-05-17 15:32:05,,
e2393b28-67dd-40d4-8a5c-5172fcac732a,b5bfb270-5554-46c1-816e-7a24415b3fe7,Technical Test,2,passed,,,Herself figure exist no lose.
713e6a06-12b4-42e7-8c1b-c4c7fde46656,b5bfb270-5554-46c1-816e-7a24415b3fe7,Final Interview,3,withdrawn,,,
c3a0a4a7-6c64-4cff-9fe9-c8de03e95bfb,787bef93-e62c-48d4-8f35-9f17b3746945,CV Review,1,pending,2026-05-17 15:29:43,,
6b943038-0ecc-4cb9-b5ce-46ca1d8342e6,787bef93-e62c-48d4-8f35-9f17b3746945,Online Assessment,2,failed,,,Cultural trouble above technology room hear identify.
f1fbbf4e-9ec1-4f1d-b8e7-21ffcc30dade,787bef93-e62c-48d4-8f35-9f17b3746945,Manager Interview,3,pending,,,
7ab0d93a-d1b1-4ebe-b6c9-630515497fa0,91d686ea-8431-4064-aae7-9054d5caa57a,Phone Screen,1,withdrawn,2026-05-17 15:30:13,,Wife health majority political open impact.
a85d53da-38da-4c54-a3e0-bc79af28f8af,91d686ea-8431-4064-aae7-9054d5caa57a,Technical Round,2,failed,,,Yeah buy usually.
f9277689-fcc3-4dcb-8e83-d44a6d92bb60,91d686ea-8431-4064-aae7-9054d5caa57a,Culture Fit,3,passed,,,
86b9edd6-cc1a-40c8-a227-676a3a68ed34,9e5321b6-a824-4b3c-baeb-6a253cbeee71,CV Review,1,failed,2026-05-17 15:28:42,,Whatever side seem give remember play.
728c7bca-84e6-4029-a735-957afaaf3185,9e5321b6-a824-4b3c-baeb-6a253cbeee71,Online Assessment,2,pending,,,Recent prepare unit save drug alone.
4e2e37b6-ee3d-47ca-a7cd-b7a90b255fe9,9e5321b6-a824-4b3c-baeb-6a253cbeee71,Manager Interview,3,pending,,,Piece put recently population end lay.
