profile_id,user_id,full_name,bio,phone,city_id,gender,date_of_birth,current_salary_pkr,expected_salary_pkr,job_type_preference,availability,profile_completion_pct,resume_url
6290597f-1d66-4720-86f2-7d3bfd455e07,fe2d46cb-e0b1-44bc-b076-29b0b8e7c211,Donna Perez,Within set region beyond coach federal.,+923449897858,ab7619b9-adef-4882-9b23-1cb3661050da,male,1981-02-05,50000,81174,freelance,1_month,71,https://cdn.example.com/resumes/fe2d46cb.pdf
ffcc363f-c48d-4da1-b733-8d0f6743377a,607fcf49-7456-44c6-bb4e-1a3f1429739e,Anthony Howard,Each include radio conference.,+923336159230,751ff308-6cca-43ab-be08-8555486ee7ac,male,1984-10-01,0,24662,part-time,immediate,45,https://cdn.example.com/resumes/607fcf49.pdf
6993e9fa-11bf-4d39-b83a-8bc546117814,f1b5e9f8-50fc-4e60-b822-e1730940bf21,Janet Vega,Central leave effect effort act source top quality.,+923443109911,968aaf88-00fb-45df-a448-84c109d47766,prefer_not,1984-04-28,80000,99071,internship,2_weeks,56,https://cdn.example.com/resumes/f1b5e9f8.pdf
56fe656b-913d-455d-b228-155c962f710a,ca2f6f0c-4c16-4413-8ae1-807e88a21578,Gregory Matthews,Lead few yourself table blood.,+923234374754,18c4e80b-8548-4a35-8b95-8b1211659f62,female,1989-11-28,120000,185461,internship,1_month,68,https://cdn.example.com/resumes/ca2f6f0c.pdf
6bbcb098-ce62-42e5-a5af-a2f8aaeaa537,b071b687-6c6d-4983-b0e0-292fd635db95,Edward Lyons,Ever not rate seat any paper.,+923175159166,751ff308-6cca-43ab-be08-8555486ee7ac,male,1992-10-16,120000,189177,contract,immediate,77,https://cdn.example.com/resumes/b071b687.pdf
14acbf29-2c0a-4ee7-8aed-4e99cef3dcf2,c55bf5a4-c8ee-49e2-8083-32b06430027a,Donna Lindsey,Despite couple economy sense should race.,+923474694634,f846f587-f455-49f3-a062-6c7a9dd85087,male,1983-10-17,120000,160161,full-time,2_weeks,44,https://cdn.example.com/resumes/c55bf5a4.pdf
4d45dfaa-6884-4d9f-b119-68c57d015614,8f2529b1-bc32-46af-91a0-7324cd5d38f7,Mark Williams,Often run bed.,+923149626108,751ff308-6cca-43ab-be08-8555486ee7ac,female,1987-10-02,0,53309,internship,2_weeks,74,https://cdn.example.com/resumes/8f2529b1.pdf
6f0d37b6-28fd-4b4c-98ad-d889b6de2b66,4dff8b74-8f48-4ee5-a0d5-d025de6581df,Casey Anderson,Most tree store either station loss.,+923258935169,cd8bcf27-fe79-4975-a680-756a104c2ae5,female,2000-07-15,30000,101953,part-time,immediate,46,https://cdn.example.com/resumes/4dff8b74.pdf
3e558df2-728a-433a-9b8a-96e346b9537b,470b8676-7bf6-4107-856d-3f6d6c0bdcf3,Gina Wilson,Senior difficult put purpose.,+923377897151,0bb746ab-a5cc-4528-aa6a-dd85df09a96f,prefer_not,1990-04-23,80000,136438,full-time,immediate,43,https://cdn.example.com/resumes/470b8676.pdf
c1e15184-c6db-47e2-b8c3-150378b6d7a7,9c21c4b3-0839-4c0f-ab04-dc9ab3378b33,Kristin Davis,Enough buy happy.,+923165171761,751ff308-6cca-43ab-be08-8555486ee7ac,male,1999-02-06,80000,134473,freelance,negotiable,48,https://cdn.example.com/resumes/9c21c4b3.pdf
d0ed4794-5d06-41ae-b457-435cf68b5490,1112fa14-8b0d-4294-97e7-78b8faa275e7,James Little,Push likely people wall.,+923278761611,751ff308-6cca-43ab-be08-8555486ee7ac,male,1988-07-29,80000,114050,internship,immediate,43,https://cdn.example.com/resumes/1112fa14.pdf
ef884edb-e56b-4a76-aa97-f40abe89a8ef,9b93a8d5-8ff4-4b43-9181-12e40f69608d,Maria Reid,Power bring animal also you.,+923154965789,968aaf88-00fb-45df-a448-84c109d47766,female,1983-04-12,120000,131934,internship,negotiable,53,https://cdn.example.com/resumes/9b93a8d5.pdf
c8a8daf6-3fc7-4939-aed1-c417abf65ac8,d84c9432-37c6-487d-bb86-26c28019af71,Joshua Price,Industry score choice increase between majority impact.,+923207358113,f846f587-f455-49f3-a062-6c7a9dd85087,female,2004-02-29,80000,97685,contract,negotiable,58,https://cdn.example.com/resumes/d84c9432.pdf
c906d089-e3e2-435a-874d-e24035c993f9,30f4deb0-fa2d-446b-9f07-e23145a00df2,Jacob Ramos,Between rate name within grow huge.,+923194185957,228c2d92-e16c-4952-b280-aa76b6039ec3,male,1985-02-13,80000,153788,full-time,immediate,87,https://cdn.example.com/resumes/30f4deb0.pdf
d1f3d2d0-f9b6-4967-8d27-fc3889cbc745,7701e1e9-8626-4baf-a06d-746efdbf99cd,Ryan Gibson,Wife anything four writer skin day stop never.,+923138999183,9839c6c5-7f0e-4d94-bc00-4d545818fd19,prefer_not,1995-01-13,50000,67492,part-time,immediate,72,https://cdn.example.com/resumes/7701e1e9.pdf
d39e1f8b-5574-4471-a51b-51c6555ac841,52a7087b-14d4-43a4-8c99-ab52b7fbd8b9,Crystal Schroeder,Everyone worker would.,+923142140194,25108af7-4852-4206-b168-fe736b42859d,male,1993-11-17,0,34356,internship,immediate,100,https://cdn.example.com/resumes/52a7087b.pdf
b393741a-d084-4a14-bcd2-aeac303c3644,686202f6-815e-4861-86c7-9223357dd495,Ashley Delacruz,Group small open.,+923471666754,cbf988ac-01e5-42f4-b4ce-f8caace4832b,male,1980-10-08,120000,162271,internship,1_month,99,https://cdn.example.com/resumes/686202f6.pdf
a0bba508-5993-4801-9ea0-59817db0bfae,0758fcef-5943-423a-8a79-6e2d6ebb8fca,Cameron Fisher,Live sing message board.,+923305004485,228c2d92-e16c-4952-b280-aa76b6039ec3,female,1992-12-20,50000,86772,part-time,1_month,69,https://cdn.example.com/resumes/0758fcef.pdf
37e65bf4-fb54-4fd0-b474-bf2e0c6a10c0,bf4e210f-643a-4759-ab83-8af17b86f043,Amanda Logan,Leader who article look husband.,+923108688755,cbf988ac-01e5-42f4-b4ce-f8caace4832b,prefer_not,1997-07-11,50000,69508,full-time,immediate,74,https://cdn.example.com/resumes/bf4e210f.pdf
1e8097e3-7a1f-4ccc-b177-457701f11092,8d30e723-0cfb-4643-8129-a17371a64527,Theodore Jones Jr.,Assume every plan nature.,+923263222252,ab7619b9-adef-4882-9b23-1cb3661050da,female,1988-07-03,30000,106307,full-time,2_weeks,63,https://cdn.example.com/resumes/8d30e723.pdf
f4d95fba-a290-4478-aac0-26e6928f71bf,e55d2630-e29c-44bc-8b64-956bd7a1b971,Kerry Chavez DDS,Table prepare shoulder result.,+923386075395,cbf988ac-01e5-42f4-b4ce-f8caace4832b,prefer_not,1985-10-01,50000,80676,freelance,immediate,82,https://cdn.example.com/resumes/e55d2630.pdf
d77aade3-7d59-4529-bf58-08c464034107,200962be-acdd-4774-989f-9693038dc1f9,Darryl Morgan,Indeed believe interview professor hear check.,+923163253031,228c2d92-e16c-4952-b280-aa76b6039ec3,male,2003-06-13,120000,169240,full-time,2_weeks,57,https://cdn.example.com/resumes/200962be.pdf
46f44413-10cc-4ce4-b09a-fb561c0d8f0c,ec9e84b7-4380-475f-abe1-19dc237d8838,Ronald Davis,Speech news only no form business.,+923314415796,25108af7-4852-4206-b168-fe736b42859d,prefer_not,1989-03-19,50000,87607,contract,negotiable,56,https://cdn.example.com/resumes/ec9e84b7.pdf
0a2612bb-815d-497d-ac63-4c29931d4bd2,e988c06d-c9af-462a-aad4-351afdcbd61e,Nicole Parrish,Outside goal official defense prevent.,+923375641923,f846f587-f455-49f3-a062-6c7a9dd85087,male,1985-12-24,0,22097,contract,2_weeks,80,https://cdn.example.com/resumes/e988c06d.pdf
47212399-c1e9-4e4e-af69-79416fbd7076,44d1d696-aa73-495f-b7c7-6cb925f14d86,Ryan Richardson,Difficult investment night should perform push news.,+923388175395,9839c6c5-7f0e-4d94-bc00-4d545818fd19,male,1995-08-07,50000,81178,full-time,immediate,100,https://cdn.example.com/resumes/44d1d696.pdf
c35748f3-1189-4887-b28a-ad451e5b552a,8e1771ae-a663-4b41-b85a-4fbbaab08c09,Melissa Johnson,Tv go consider century price.,+923333484601,799eb2c8-9348-4a65-80bb-d8ff82ac8c26,male,1982-02-11,30000,44722,full-time,1_month,63,https://cdn.example.com/resumes/8e1771ae.pdf
59411e77-541a-4692-b02d-b82cb6e7ab84,06062749-71be-4084-be3c-291cbc099043,Valerie Davis,Heavy law church find food.,+923235186414,25108af7-4852-4206-b168-fe736b42859d,male,2003-11-28,0,56898,contract,negotiable,79,https://cdn.example.com/resumes/06062749.pdf
7884bdda-804f-4db9-ab19-fb069e6e8d11,7333a73e-5fbe-44b6-96eb-f697c336a3c4,Sophia Moore,Purpose evening product.,+923203970445,ab7619b9-adef-4882-9b23-1cb3661050da,female,1992-07-07,30000,71029,full-time,2_weeks,87,https://cdn.example.com/resumes/7333a73e.pdf
3f36cdd4-5628-4f21-99f9-77d8c6005215,dda0e5f5-c4bf-4700-bf25-4b41a1fbd6da,Donald Fischer,Involve exist question main project animal.,+923255476257,968aaf88-00fb-45df-a448-84c109d47766,prefer_not,1990-04-04,50000,113964,full-time,negotiable,95,https://cdn.example.com/resumes/dda0e5f5.pdf
d2ba3e23-0b38-4bd9-98e7-525ced2b619e,7648902a-b27b-4c58-814a-a4d59824af50,Aimee Turner,Share face build market.,+923244348276,b6ee39c4-ee79-4c3f-9380-a75aa01c66b1,female,1991-02-21,0,71694,contract,1_month,92,https://cdn.example.com/resumes/7648902a.pdf
d932c835-b8f8-4683-bf8f-541a0528d2cb,d3f90615-2718-4e1d-831b-156e4ce6fa77,Joseph Hall,Author technology amount affect TV television.,+923114240180,799eb2c8-9348-4a65-80bb-d8ff82ac8c26,female,1994-10-08,30000,69219,contract,immediate,89,https://cdn.example.com/resumes/d3f90615.pdf
4c370f68-d2a4-4f74-86de-a0da7eb39c42,b89513fb-9038-4fef-9413-3ac2c9770159,Michelle Butler,Again foot soon peace story turn.,+923427705490,25108af7-4852-4206-b168-fe736b42859d,prefer_not,1982-07-30,50000,106025,contract,immediate,47,https://cdn.example.com/resumes/b89513fb.pdf
2374bb4e-2ad8-4bcb-97c2-723fa3b6ca3c,33e2731e-d8db-49e0-a068-e466ae0381fc,Dana Chapman,How financial fund four.,+923475453786,f846f587-f455-49f3-a062-6c7a9dd85087,male,1984-07-30,50000,83405,freelance,negotiable,62,https://cdn.example.com/resumes/33e2731e.pdf
9a37b317-6532-4302-b29c-bab04bbb9499,e8e1c68f-c4a9-495a-89ba-a67a4ab0c32e,Ashley Hicks,Road standard spring door chair culture.,+923489580255,1ea1f74a-9084-4666-895a-5b0f2cd6df57,female,1995-06-08,50000,117199,freelance,2_weeks,56,https://cdn.example.com/resumes/e8e1c68f.pdf
494f7448-a137-414b-baf9-c9f626177238,a2e936a7-7186-45c8-8868-f4d826eeb864,Mary Thompson,Less nor often race think poor worry.,+923109722815,ab7619b9-adef-4882-9b23-1cb3661050da,prefer_not,1988-06-15,0,67154,part-time,1_month,67,https://cdn.example.com/resumes/a2e936a7.pdf
3c75166e-2e47-435c-88d1-7725215f5a20,80e20a68-1053-46a0-b7cd-302fc90ad627,Emily Gonzales,Place someone option goal avoid left.,+923496266630,25108af7-4852-4206-b168-fe736b42859d,male,1981-04-25,0,53279,contract,1_month,82,https://cdn.example.com/resumes/80e20a68.pdf
d8852299-f56d-45a2-aa26-d183985d10ec,e918ae65-c7bf-4494-a8d4-4c983a923cf4,Dustin Newman,Order his oil west school American training occur.,+923355960271,9839c6c5-7f0e-4d94-bc00-4d545818fd19,male,1985-01-29,80000,132753,part-time,negotiable,82,https://cdn.example.com/resumes/e918ae65.pdf
8a52a424-a15c-4c69-938d-2013afb91085,d8b0e2bb-459d-48f1-b42f-31a6bbddf77e,Kathryn Rosario,Specific study word base.,+923496049101,799eb2c8-9348-4a65-80bb-d8ff82ac8c26,prefer_not,1996-07-11,80000,112810,full-time,1_month,58,https://cdn.example.com/resumes/d8b0e2bb.pdf
ed6ca484-0c39-4a3b-9308-7db8c421d7c0,8b4db567-6b55-4919-a469-a526a882589a,Michael Ritter,Particular hair truth hold simple quickly appear.,+923476406444,0bb746ab-a5cc-4528-aa6a-dd85df09a96f,female,1996-02-23,30000,96346,internship,2_weeks,72,https://cdn.example.com/resumes/8b4db567.pdf
2dff18ef-1e8d-45a0-9ef3-6a658983237d,98146436-8ead-46c6-9ea5-772d2205afcf,Gary Grant,Edge surface who owner character.,+923155761145,9839c6c5-7f0e-4d94-bc00-4d545818fd19,prefer_not,1982-05-31,80000,112241,freelance,1_month,45,https://cdn.example.com/resumes/98146436.pdf
ecbcd0b5-6f1e-448a-ba24-a02ea2db5bd0,25accb22-0a57-4ad6-b6dd-e759cfc1b551,Sydney Collins,Organization visit finally heavy.,+923244340845,968aaf88-00fb-45df-a448-84c109d47766,male,2000-03-01,30000,80687,full-time,2_weeks,70,https://cdn.example.com/resumes/25accb22.pdf
3101752e-bced-463a-a66d-f46de9023a7d,ccdfc525-a373-48a0-a44f-89caab65176a,Meagan Calderon,Position interest gun guy.,+923397953166,ab7619b9-adef-4882-9b23-1cb3661050da,prefer_not,1984-11-17,120000,139545,freelance,2_weeks,85,https://cdn.example.com/resumes/ccdfc525.pdf
6a1e9874-8234-4ec5-94c3-a28563318a9e,ae78ff3d-f828-4ce3-aa58-7efc285cc5e7,Travis Tucker,Choice fast small medical.,+923355093379,968aaf88-00fb-45df-a448-84c109d47766,prefer_not,1993-11-13,80000,154799,full-time,immediate,89,https://cdn.example.com/resumes/ae78ff3d.pdf
df066afd-5f54-42d7-8606-3f280ff795a4,05d82f52-c13d-4578-923e-9c84c141f52a,Kelsey Stanley,Others child Congress realize.,+923219689889,0bb746ab-a5cc-4528-aa6a-dd85df09a96f,male,1995-12-29,80000,118683,freelance,2_weeks,98,https://cdn.example.com/resumes/05d82f52.pdf
1428792d-ea23-4354-bd32-7341e4c3d039,a473bdba-d0c5-4c98-bf2a-78fa4a8fc4c8,Michelle Williams,Wide particular sell six doctor.,+923188795419,25108af7-4852-4206-b168-fe736b42859d,prefer_not,1986-05-09,0,69829,freelance,1_month,100,https://cdn.example.com/resumes/a473bdba.pdf
671a6964-84e8-42ae-8fbf-fdd53d5f415a,835d6d27-05e7-4e0e-9474-455337d95b16,Rachel Mckee,Question now key show sing me.,+923378481188,ab7619b9-adef-4882-9b23-1cb3661050da,male,1990-11-03,80000,156162,internship,negotiable,56,https://cdn.example.com/resumes/835d6d27.pdf
2b392f5c-d37f-4d62-b281-ac24b2fb541c,e76d848f-664e-478a-a6ae-a24c63e70cd7,Curtis Jacobs,Political them never.,+923439130188,25108af7-4852-4206-b168-fe736b42859d,male,1982-12-09,30000,76347,contract,negotiable,44,https://cdn.example.com/resumes/e76d848f.pdf
b59f4028-a814-49da-8573-0ada7ca72cb3,4fd5e63e-f43a-4015-a41c-fabe5d3649d9,Sarah Mitchell,Last message store begin treat.,+923276634586,88ae2ad4-e596-4cd6-8335-352ba27edee8,prefer_not,2000-10-16,50000,90735,full-time,2_weeks,49,https://cdn.example.com/resumes/4fd5e63e.pdf
58037468-a0a4-493d-b573-68402c9cd348,793d8c87-5653-483a-95ab-4b8e97f8a35b,Tara Perry,Hear history bank different five between research.,+923194589533,1ea1f74a-9084-4666-895a-5b0f2cd6df57,female,1988-10-03,30000,90205,internship,1_month,74,https://cdn.example.com/resumes/793d8c87.pdf
beb9958c-bd75-4d35-bf18-73ef5b5d6596,1f95ee40-8255-40d3-aa20-abd311effafb,Andrew Lowery,Serve light past town.,+923134470105,b6ee39c4-ee79-4c3f-9380-a75aa01c66b1,female,1980-11-06,80000,144496,internship,immediate,94,https://cdn.example.com/resumes/1f95ee40.pdf
27f10bf0-2aa8-4712-a39b-b494b09ce6b9,2d97ddae-92ab-4e58-a330-839180ad095d,Chase Bentley,Institution simply down business draw police performance.,+923401098919,88ae2ad4-e596-4cd6-8335-352ba27edee8,female,1981-12-11,120000,179857,internship,negotiable,74,https://cdn.example.com/resumes/2d97ddae.pdf
0c16cb06-debb-4c5a-834a-676d07d1f2e5,90a9d186-482c-49a6-b239-b4f579eea7a3,Kathryn Herrera,Offer responsibility fact ability good number cost.,+923414681284,228c2d92-e16c-4952-b280-aa76b6039ec3,female,1997-01-29,120000,158906,internship,immediate,64,https://cdn.example.com/resumes/90a9d186.pdf
1955a14a-2785-4b40-9ec4-867e9a469d49,c0c477b5-07d8-4fb0-bfb1-f1966dbb12af,Heather Ashley,Skill medical after them analysis hit health.,+923208841505,ab7619b9-adef-4882-9b23-1cb3661050da,male,1999-01-21,50000,112994,freelance,immediate,98,https://cdn.example.com/resumes/c0c477b5.pdf
491b5228-03ba-4f12-853c-f3071dc8244d,ad0d042d-e3e3-448f-9720-4633ac6e9604,Austin Allen,Sign same forward and.,+923158190929,968aaf88-00fb-45df-a448-84c109d47766,female,1994-01-09,80000,93552,part-time,immediate,56,https://cdn.example.com/resumes/ad0d042d.pdf
1b02a5b9-ffb1-4030-a470-327506c36347,42398576-01e9-42ff-8738-69490c7fad47,Carrie Maxwell,Place specific as simply leader fall analysis.,+923238628588,88ae2ad4-e596-4cd6-8335-352ba27edee8,female,1985-05-12,80000,132906,internship,1_month,88,https://cdn.example.com/resumes/42398576.pdf
1a5996b3-bffd-4fe3-9d24-e75f182bde78,fce7cfe5-e278-4d7b-af7e-54aaa7e5f40a,Timothy Robertson,Education send course ground sit tend forward.,+923158890439,f846f587-f455-49f3-a062-6c7a9dd85087,prefer_not,1983-06-27,80000,123065,freelance,immediate,100,https://cdn.example.com/resumes/fce7cfe5.pdf
f68fb90f-4675-419d-a59a-e02bfabb5962,5f86de62-8dbf-409f-a992-49fa1cdf5e5c,Steve Paul,Wind many marriage under mind song.,+923141675419,cd8bcf27-fe79-4975-a680-756a104c2ae5,male,1998-07-20,50000,89389,part-time,2_weeks,93,https://cdn.example.com/resumes/5f86de62.pdf
fe385ca4-03e4-4dbf-bf87-763f7a19e99c,7b2c402b-31a4-4520-9c27-ec7ad4b0d7a9,Lance Short,Fly bag produce fill owner.,+923253117636,0bb746ab-a5cc-4528-aa6a-dd85df09a96f,prefer_not,1991-01-10,0,29973,full-time,2_weeks,69,https://cdn.example.com/resumes/7b2c402b.pdf
7c6ac84c-0789-40fd-8d9e-a1e80999c782,65c670c6-2728-485b-877c-9769a8f95ce9,Heather Williams,Your ever woman way avoid point guy song.,+923202921542,cd8bcf27-fe79-4975-a680-756a104c2ae5,male,1997-05-11,50000,108351,contract,immediate,77,https://cdn.example.com/resumes/65c670c6.pdf
8a73d7c2-d005-42ad-9c11-03f5d5e29dd2,b72a2958-4393-48e6-8797-ccd937d69d1e,Brenda Lawson,Call door population.,+923467296605,799eb2c8-9348-4a65-80bb-d8ff82ac8c26,prefer_not,1989-06-05,0,50888,part-time,immediate,77,https://cdn.example.com/resumes/b72a2958.pdf
