notification_id,user_id,type,title,body,is_read,entity_type,reference_id,created_at
01752723-ddc2-45e4-aa6d-7ff2359ea4ce,d093a843-b2fe-4a2b-ba0b-d6b1b0f0deed,application_update,Your application has been reviewed,Keep government light expert.,f,application,65f02df0-3cd5-46a9-aa43-beb1a7c557b3,2026-05-17 15:33:35
55bcdc2f-91ff-4d80-afb8-e15ae8913ce8,7701e1e9-8626-4baf-a06d-746efdbf99cd,new_match,New job matches your profile,Walk thing sport figure teach water image.,f,job,03ccbb4e-3f29-4c12-ba9c-c433084a3544,2026-05-17 15:31:40
1c484914-343f-444a-8519-d1997c3d7170,9cc3d003-1517-4681-85a7-7278f5edf773,application_update,Your application has been reviewed,Play baby drive behavior.,f,application,fbf73177-9a70-458b-b60c-1dbf382e8f2c,2026-05-17 15:32:27
e9d3ee6a-6cde-449e-8425-63e24b6387f3,fce7cfe5-e278-4d7b-af7e-54aaa7e5f40a,company_news,A company you follow posted a job,Sea never manage them.,f,company,e499af84-7ceb-4291-a0fb-b13e64234f78,2026-05-17 15:33:37
a0137175-093f-4d9f-b057-95158962f7c7,5d690391-d816-43be-a80c-fdb2d11cb7cb,interview_scheduled,Interview scheduled for you,Quality usually carry marriage rate quality.,f,interview,c96897fa-8917-4f7a-b1ae-87ff8ca57352,2026-05-17 15:32:19
99d0039a-3bb1-4932-b636-b19945b41b76,25accb22-0a57-4ad6-b6dd-e759cfc1b551,job_alert,New jobs matching your alert,If pattern treat second.,f,alert,380d3a57-3c9e-4752-97ae-b9b7bc80feee,2026-05-17 15:32:52
96fbe1fc-2b93-4999-8194-263b8f11501e,8f2529b1-bc32-46af-91a0-7324cd5d38f7,new_match,New job matches your profile,See each school week statement they month.,t,job,fd24e538-bf1a-48eb-9d7f-9936505be942,2026-05-17 15:32:33
96b74e6d-b7b3-425c-9451-1ccd2b4c9a63,7648902a-b27b-4c58-814a-a4d59824af50,new_match,New job matches your profile,Large collection us shake tough company happen card.,t,job,fd2f7d95-6534-4735-859b-24a344c9393e,2026-05-17 15:31:47
6a27ce85-d302-45b6-82e7-58d800726f7d,e8e1c68f-c4a9-495a-89ba-a67a4ab0c32e,application_update,Your application has been reviewed,Institution here health.,t,application,d9b12843-9042-49c7-96b8-1a9b0d7c277d,2026-05-17 15:31:04
9c952dae-59fd-491c-aa62-8e43b528686d,fce7cfe5-e278-4d7b-af7e-54aaa7e5f40a,company_news,A company you follow posted a job,Story surface tax face low.,t,company,dc30b965-a0d3-469a-bf2d-7d68515d82ee,2026-05-17 15:31:31
ea953193-9113-4bd9-8539-72b019c680b8,5f86de62-8dbf-409f-a992-49fa1cdf5e5c,job_alert,New jobs matching your alert,Scene notice design.,f,alert,9bf0cde3-0e19-4273-9142-defa118ee604,2026-05-17 15:31:38
35664fbc-5949-49a1-a5e1-9e6339a468d8,65c670c6-2728-485b-877c-9769a8f95ce9,company_news,A company you follow posted a job,Stay along leg pay major green past.,f,company,e198e157-a3b3-4d4e-9d36-31d8abd0544c,2026-05-17 15:31:43
a73d0723-c5a4-44aa-b7d0-707f244baeb1,52a7087b-14d4-43a4-8c99-ab52b7fbd8b9,application_update,Your application has been reviewed,Blue glass reveal I across issue.,f,application,d3105ea6-d58f-40fe-901c-fe26855262ec,2026-05-17 15:31:19
08de981b-0c1c-4659-9ca7-8c2c8bce4d76,e918ae65-c7bf-4494-a8d4-4c983a923cf4,application_update,Your application has been reviewed,Method child buy maintain choose prevent difficult.,t,application,ead78b82-a9d8-47a9-a3e9-c6ef8baedc48,2026-05-17 15:31:55
e57e0157-159c-4450-9a93-922ff1ae1160,a2e936a7-7186-45c8-8868-f4d826eeb864,new_match,New job matches your profile,Hair throughout movie especially writer.,t,job,9e5321b6-a824-4b3c-baeb-6a253cbeee71,2026-05-17 15:32:42
352d11b4-52ff-410e-baa7-1a9031c06b59,d093a843-b2fe-4a2b-ba0b-d6b1b0f0deed,system_update,Platform maintenance scheduled,Class government its grow that cup.,t,system,0ae3a222-c6d2-44ea-aeab-1a8d765e3394,2026-05-17 15:31:18
9ca4ad5f-f893-495c-9476-985c3174c620,b89513fb-9038-4fef-9413-3ac2c9770159,job_alert,New jobs matching your alert,Card inside former.,f,alert,62b479bb-8b1b-45d5-827c-a2cf9ccce5ca,2026-05-17 15:30:49
9e4d40fd-dac0-45a8-8f10-9f907c8a0ada,ae78ff3d-f828-4ce3-aa58-7efc285cc5e7,company_news,A company you follow posted a job,Way where work budget major.,t,company,bf44c456-de39-4fde-913d-eabde4d0222c,2026-05-17 15:32:13
900cd8e4-8c8d-4ada-9308-6862424b6356,2d97ddae-92ab-4e58-a330-839180ad095d,interview_scheduled,Interview scheduled for you,Foot share think maybe.,f,interview,12aa5758-7542-44aa-a4b6-659bc19aeb64,2026-05-17 15:33:30
fd73ebb7-138b-4c7e-8e53-408a2c6df2c1,ccdfc525-a373-48a0-a44f-89caab65176a,system_update,Platform maintenance scheduled,Capital whatever society call general add.,t,system,13da5716-e762-4b5d-8c6f-c02a42f1c614,2026-05-17 15:32:47
b0032351-565e-4641-ae4d-e8a945d42436,65c670c6-2728-485b-877c-9769a8f95ce9,application_update,Your application has been reviewed,Question garden with.,f,application,6e04c833-cf5d-4bd0-8f9e-93b17f2f7192,2026-05-17 15:32:56
fd78169f-9c6d-4c06-90fb-11700c67fdc0,11c8a68c-0a2e-4e42-87af-70119043774d,job_alert,New jobs matching your alert,Lose executive bar investment pay role.,t,alert,9fbd3bcc-4611-4541-a15c-8a1b8cb969ec,2026-05-17 15:31:17
bc5626a7-94c7-4182-8c43-d813068e2191,aadcfdd3-e6d8-4559-a34f-124dd8b9a00e,interview_scheduled,Interview scheduled for you,Short ten yes easy star.,f,interview,488184ab-c77d-408b-bcd3-436c32ac832b,2026-05-17 15:31:19
d6a61635-b363-4a15-bd9b-8731d7cf3b59,7333a73e-5fbe-44b6-96eb-f697c336a3c4,interview_scheduled,Interview scheduled for you,Red maybe Congress yeah.,t,interview,6a230dab-3d42-47cd-879e-059bb2e471a0,2026-05-17 15:32:30
b6340120-236a-4039-9fe7-2c193371bcbc,ccdfc525-a373-48a0-a44f-89caab65176a,company_news,A company you follow posted a job,Director car although wrong.,t,company,2060c6e3-7e6c-4dcf-8cb8-d92186707d19,2026-05-17 15:33:31
9ce8487e-7e8c-48ce-8751-bf56278afa56,082e636b-d900-4a79-af0b-059a0513e322,company_news,A company you follow posted a job,Adult current ten herself modern record.,f,company,73784e18-abe1-4850-aa7b-60c8361abf87,2026-05-17 15:33:40
2af61da1-f685-49a1-9331-586f3640474b,33e2731e-d8db-49e0-a068-e466ae0381fc,application_update,Your application has been reviewed,From look member popular fight.,t,application,89d19b52-b8cd-41e0-9fc7-952217dd1af2,2026-05-17 15:31:32
ee60aa91-be09-4555-8cd3-a0cd823fa08c,9b93a8d5-8ff4-4b43-9181-12e40f69608d,new_match,New job matches your profile,Wall represent east time consider.,t,job,89d19b52-b8cd-41e0-9fc7-952217dd1af2,2026-05-17 15:30:44
b1c03dd9-bc55-4b6c-a538-c275a507b24a,1f95ee40-8255-40d3-aa20-abd311effafb,new_match,New job matches your profile,Deep line training beyond continue way.,f,job,7eabdcaf-dff7-4b74-8d20-94b96d59e7e7,2026-05-17 15:31:49
f8425802-f851-45c9-b8e5-8a18c168eddf,52a7087b-14d4-43a4-8c99-ab52b7fbd8b9,interview_scheduled,Interview scheduled for you,Born protect raise side candidate.,f,interview,a54f1628-6db2-4558-914e-e51065c13964,2026-05-17 15:31:48
c7f8cda3-daea-40f6-8c69-55780abc5318,98146436-8ead-46c6-9ea5-772d2205afcf,job_alert,New jobs matching your alert,Sea open painting draw every once.,t,alert,6a44f2d1-3b2b-4db4-9200-fb44138b7852,2026-05-17 15:30:59
aae822d0-6a51-4e5e-b95b-8ccd169f86c8,4fd5e63e-f43a-4015-a41c-fabe5d3649d9,interview_scheduled,Interview scheduled for you,Candidate sea build only.,t,interview,558df7ef-2921-4ad1-80e5-d556f61a1b82,2026-05-17 15:33:28
c603d1a3-1ca4-4c31-980b-9b2a8906f6e8,1f95ee40-8255-40d3-aa20-abd311effafb,job_alert,New jobs matching your alert,Cover knowledge better walk people.,f,alert,d9358943-495f-471b-a551-69316ee7b5c4,2026-05-17 15:31:38
45465ba3-92fc-40b5-862b-a42637a171ba,9b93a8d5-8ff4-4b43-9181-12e40f69608d,interview_scheduled,Interview scheduled for you,Writer dark result analysis court nearly education.,f,interview,24093035-5b75-474f-9b2a-ea76a5ddc40b,2026-05-17 15:33:21
a07009dc-ced1-4f71-97b0-b73411115270,fce7cfe5-e278-4d7b-af7e-54aaa7e5f40a,interview_scheduled,Interview scheduled for you,Window thus large response treat attack industry.,f,interview,f26d805b-16f3-44e0-b22b-4406753fb7c5,2026-05-17 15:33:31
b35aa5c3-9443-49ea-ae70-5259af231d97,7baddfc6-73f2-46fc-af71-1d953aad7001,application_update,Your application has been reviewed,So cold ever whose face what article.,f,application,9bf0cde3-0e19-4273-9142-defa118ee604,2026-05-17 15:33:39
d53854a4-ea41-42d2-b838-690c4e819495,813c1470-6464-43ca-a157-d9a9f4aa5b4f,job_alert,New jobs matching your alert,Scientist however range that will.,t,alert,4fa71fc3-664f-4d97-bcd2-0c65bacde81a,2026-05-17 15:31:13
05510363-1d3b-4d71-84b8-bf7ba74505ef,d8b0e2bb-459d-48f1-b42f-31a6bbddf77e,job_alert,New jobs matching your alert,His single husband even contain civil design.,f,alert,264b89fe-dc5a-4ac1-a152-70233ffb43f4,2026-05-17 15:32:49
1b3e0d18-740b-4e99-9ff7-406ae41e4139,8675a86a-a9e5-4d4c-b833-6e7d57502ca0,job_alert,New jobs matching your alert,Lay remain modern field detail remain need.,f,alert,dd7f992f-b18d-4c96-81d3-048433f8311c,2026-05-17 15:31:14
8375bc74-2c57-4ead-b20f-1ed6589751ac,8b4db567-6b55-4919-a469-a526a882589a,new_match,New job matches your profile,Move factor policy.,t,job,fbf73177-9a70-458b-b60c-1dbf382e8f2c,2026-05-17 15:33:33
bb42592a-8b91-40d4-9db9-abfb8d5d7264,d8b0e2bb-459d-48f1-b42f-31a6bbddf77e,system_update,Platform maintenance scheduled,Until establish so politics eat.,t,system,93b6d599-3fa1-4bf7-9d2b-6dabce512b6d,2026-05-17 15:33:12
834ccf00-ac77-49b3-85b4-babbd3894215,c55bf5a4-c8ee-49e2-8083-32b06430027a,system_update,Platform maintenance scheduled,Break possible plan win foot watch this.,t,system,62b479bb-8b1b-45d5-827c-a2cf9ccce5ca,2026-05-17 15:31:31
fc8ec94f-61ff-4fd1-904c-3363419ac9ad,c0c477b5-07d8-4fb0-bfb1-f1966dbb12af,system_update,Platform maintenance scheduled,Impact particularly foot arm.,t,system,748bd364-f1cd-43b6-9621-d61dde7346d3,2026-05-17 15:33:10
531ce0f0-5ba9-4087-810f-570ccfff316f,835d6d27-05e7-4e0e-9474-455337d95b16,job_alert,New jobs matching your alert,Despite whole computer will Mr without.,f,alert,c589b46a-5001-4113-b71b-799465c3f0a5,2026-05-17 15:33:04
b1f9f508-786a-427e-a012-a6efc1f80a80,08514437-28c5-4adc-9b2b-1fefb2daa52f,system_update,Platform maintenance scheduled,Blood second high president thank plant nearly stage.,t,system,6e04c833-cf5d-4bd0-8f9e-93b17f2f7192,2026-05-17 15:31:23
9a6d45de-4e91-49b7-b0f1-6c3fa0dbee04,ec9e84b7-4380-475f-abe1-19dc237d8838,application_update,Your application has been reviewed,Daughter picture teach house land.,t,application,84a0cc99-85ef-4240-b2c0-c65efc8fa9f8,2026-05-17 15:32:55
88c8410a-8157-4569-be75-0b5f1050f3e4,1112fa14-8b0d-4294-97e7-78b8faa275e7,job_alert,New jobs matching your alert,Happy total behavior consider continue television.,f,alert,fde71d33-0894-417d-8fb7-8b27ac64d1cb,2026-05-17 15:31:17
aee5305c-b80b-4c2b-ad63-012839c60315,25accb22-0a57-4ad6-b6dd-e759cfc1b551,company_news,A company you follow posted a job,Wall Congress example financial those stage reach.,f,company,69bcc1bf-9445-492d-afd0-97fc51a5fcdf,2026-05-17 15:31:17
895baac1-18f2-4f07-9bf7-5e46ab354992,aadcfdd3-e6d8-4559-a34f-124dd8b9a00e,company_news,A company you follow posted a job,Author early training wife.,f,company,1c10733d-21b0-4892-bf93-cc8e4752844f,2026-05-17 15:31:02
90d15a3b-3757-453e-9e62-2ec227607110,7333a73e-5fbe-44b6-96eb-f697c336a3c4,interview_scheduled,Interview scheduled for you,Case seek activity between himself body add.,t,interview,f26d805b-16f3-44e0-b22b-4406753fb7c5,2026-05-17 15:33:13
993e2cc2-e96a-4578-b005-a7261ff3e5b8,30f4deb0-fa2d-446b-9f07-e23145a00df2,application_update,Your application has been reviewed,Car show environment.,f,application,96f5c8b9-268a-414f-9c9d-a5b190e2be7a,2026-05-17 15:33:32
378b40a7-a62f-405e-98d4-c4e84d9af867,fe2d46cb-e0b1-44bc-b076-29b0b8e7c211,system_update,Platform maintenance scheduled,Add whom whatever blood save full religious dark.,f,system,c35c00e5-3a00-442a-b834-268432f7cbeb,2026-05-17 15:32:10
45c1e820-17a9-4a5f-8403-32dc6e8ce288,200962be-acdd-4774-989f-9693038dc1f9,application_update,Your application has been reviewed,Throughout spring film look during myself environment.,f,application,ca94948b-2d78-4734-8764-6aba21ece73c,2026-05-17 15:32:21
30851358-c627-475f-a482-45a87f16d201,78eb93d0-dcd1-4c51-80a1-6088fd695d8a,job_alert,New jobs matching your alert,Stay bill father.,f,alert,10281924-3cbc-43a6-ba26-4c60122eb1e7,2026-05-17 15:32:16
65e572a2-1a1f-404f-9c4b-adcc376afbab,2d97ddae-92ab-4e58-a330-839180ad095d,interview_scheduled,Interview scheduled for you,Center treatment agency interview challenge pretty.,f,interview,e499af84-7ceb-4291-a0fb-b13e64234f78,2026-05-17 15:31:24
f9b57c19-9bb1-4437-8765-d1b09caf8d62,0758fcef-5943-423a-8a79-6e2d6ebb8fca,application_update,Your application has been reviewed,Rather resource top man yard different.,t,application,4f06a002-c80c-4857-83f2-b08a7c2dbe4f,2026-05-17 15:33:36
ccdc8189-021c-473f-a448-9938c52677ae,f1b5e9f8-50fc-4e60-b822-e1730940bf21,new_match,New job matches your profile,Ground past brother type turn.,t,job,2f1b76e7-041c-4081-9601-ae7b78ce4abb,2026-05-17 15:33:25
e66aff64-a697-45c9-82c5-ff101a72d574,8675a86a-a9e5-4d4c-b833-6e7d57502ca0,application_update,Your application has been reviewed,Character investment friend consider interesting throw reach person.,t,application,613bd64c-0c75-43cf-9888-c9fa44732fba,2026-05-17 15:31:35
fde91c86-bf18-4401-bc1b-e11bd953f91a,fce7cfe5-e278-4d7b-af7e-54aaa7e5f40a,company_news,A company you follow posted a job,Even material hard enter.,t,company,ef1e9298-1694-4323-8cc7-05e9c82be83f,2026-05-17 15:33:27
33ecc134-131e-4927-ace6-f4ea412c8f22,b72a2958-4393-48e6-8797-ccd937d69d1e,application_update,Your application has been reviewed,Small technology within sing.,t,application,be116a48-5e88-4060-bdeb-53eb2f9f867c,2026-05-17 15:31:10
0f2c216f-7a43-4947-8af1-0ae6d4afc30d,f1b5e9f8-50fc-4e60-b822-e1730940bf21,job_alert,New jobs matching your alert,Hospital return size long.,t,alert,24093035-5b75-474f-9b2a-ea76a5ddc40b,2026-05-17 15:30:56
3be809bc-d589-48c9-89e8-0a194d563ba3,5f86de62-8dbf-409f-a992-49fa1cdf5e5c,new_match,New job matches your profile,Into risk certain follow camera should good.,f,job,a54f1628-6db2-4558-914e-e51065c13964,2026-05-17 15:32:12
b383684a-e4e7-4055-99be-64f9d956b334,7b2c402b-31a4-4520-9c27-ec7ad4b0d7a9,job_alert,New jobs matching your alert,Really including soldier four soon president early.,t,alert,f4121ae7-c9cd-4963-9fad-06dd9d5448d9,2026-05-17 15:31:59
6efab49b-15ac-4625-9f89-84038f190cbb,614c2c73-106f-494d-9def-f117e5b7263e,new_match,New job matches your profile,Much manage movie discover base resource money.,f,job,ef5007da-8957-4101-ad63-7c206367ffc0,2026-05-17 15:33:03
857c77b8-51c4-4fdf-a6a5-780282006f89,607fcf49-7456-44c6-bb4e-1a3f1429739e,application_update,Your application has been reviewed,Reflect dog able yes admit.,t,application,dbada354-894f-4fa0-b98d-32fcd20a5453,2026-05-17 15:32:24
c43c3380-a4c9-4683-b8a7-23022bc03907,ad0d042d-e3e3-448f-9720-4633ac6e9604,company_news,A company you follow posted a job,Tv arrive glass support.,f,company,6a44f2d1-3b2b-4db4-9200-fb44138b7852,2026-05-17 15:33:20
3691947b-4b62-4408-96eb-aa08d1fa0ea0,b071b687-6c6d-4983-b0e0-292fd635db95,company_news,A company you follow posted a job,Far century table will.,f,company,cc730cd5-b7fb-4fda-bab3-e2046cec2fce,2026-05-17 15:33:28
1f5aa232-cbc1-4fef-8d55-f11a71386e47,7baddfc6-73f2-46fc-af71-1d953aad7001,job_alert,New jobs matching your alert,Decision different section bring receive.,f,alert,e198e157-a3b3-4d4e-9d36-31d8abd0544c,2026-05-17 15:31:09
00fe475c-9c02-45f0-80e4-59f6d49626ed,d093a843-b2fe-4a2b-ba0b-d6b1b0f0deed,new_match,New job matches your profile,Receive interesting approach.,t,job,9533ec3c-635f-456b-89a7-dc1f047e1f2c,2026-05-17 15:31:03
5c35577d-539b-4565-bc43-5da03646b14a,082e636b-d900-4a79-af0b-059a0513e322,job_alert,New jobs matching your alert,Available study that air half bad baby notice.,t,alert,14eb709d-3764-4a72-9688-b8c31dae11a7,2026-05-17 15:33:10
dbbe9049-d0df-4ead-b6a9-c1965909c8bf,7d8e598c-4813-40ea-a971-d03c395fd14c,interview_scheduled,Interview scheduled for you,She like cell month.,t,interview,71c16c26-2645-4cdb-9ee4-6cb581d92e66,2026-05-17 15:33:34
fd64f02a-61b5-4162-9672-b15df9dab6cb,7b2c402b-31a4-4520-9c27-ec7ad4b0d7a9,job_alert,New jobs matching your alert,In front sit receive expert choose thing.,f,alert,e84673a8-d161-4ae5-99a1-10d1cbed1460,2026-05-17 15:30:49
56fc2ab8-367e-45ed-9fb5-150584b15482,e918ae65-c7bf-4494-a8d4-4c983a923cf4,application_update,Your application has been reviewed,Me action strategy quite.,t,application,0991c5c2-ea96-4458-8ebf-26e31e3af042,2026-05-17 15:33:21
b085eafa-b140-4c40-8d74-02e72812432e,5f86de62-8dbf-409f-a992-49fa1cdf5e5c,job_alert,New jobs matching your alert,Represent election occur fill dinner use even.,t,alert,b658cbc5-9996-4914-8786-8d6e5b1cac23,2026-05-17 15:31:00
d9d9f35c-8f59-4d60-a9b9-ee0094eb2808,ef1f858b-e079-41cc-8b2b-a1726310e0ac,system_update,Platform maintenance scheduled,Within by deep people despite contain.,f,system,bee99c55-9508-4c3e-b643-7ea2da2e7763,2026-05-17 15:32:58
0c41c546-da5d-44ed-8bd6-326c5a09a610,686202f6-815e-4861-86c7-9223357dd495,system_update,Platform maintenance scheduled,Painting baby realize local present if herself.,f,system,dc30b965-a0d3-469a-bf2d-7d68515d82ee,2026-05-17 15:30:53
2ce4a846-2c8b-4687-b618-bdb20e7a5c77,ad0d042d-e3e3-448f-9720-4633ac6e9604,company_news,A company you follow posted a job,Position crime board back owner suggest.,f,company,7aed88f7-b872-48ab-86d9-f562ac013274,2026-05-17 15:30:49
ef7c22ca-61af-429b-8393-d52f74893990,aadcfdd3-e6d8-4559-a34f-124dd8b9a00e,job_alert,New jobs matching your alert,Clear blood deep action travel.,t,alert,0991c5c2-ea96-4458-8ebf-26e31e3af042,2026-05-17 15:31:17
1c5f0f07-7607-4cff-8575-a8969012eb03,8675a86a-a9e5-4d4c-b833-6e7d57502ca0,interview_scheduled,Interview scheduled for you,Point allow especially with north.,t,interview,d4c104a4-07a4-4210-9809-d3d26bfca000,2026-05-17 15:32:25
4d0a6755-d5f5-4557-a28d-57496ce10989,e55d2630-e29c-44bc-8b64-956bd7a1b971,new_match,New job matches your profile,Animal fire want across ground executive huge.,f,job,003b2c86-3d45-4694-915a-8c6695e862fc,2026-05-17 15:31:19
aad8d896-ac09-418b-8187-866bccda3fe8,9cc3d003-1517-4681-85a7-7278f5edf773,application_update,Your application has been reviewed,Rise wind reflect best imagine scientist.,f,application,a0730b39-c11d-4940-a23f-56586b168fa8,2026-05-17 15:31:02
4ad162dc-6f16-4272-9764-e74510b1abdf,e02399cc-bf52-4329-a6d9-2cb34bb05255,new_match,New job matches your profile,Age somebody local than.,t,job,613bd64c-0c75-43cf-9888-c9fa44732fba,2026-05-17 15:30:50
34ac51fd-29be-497c-b69f-ff9e866c4287,e8e1c68f-c4a9-495a-89ba-a67a4ab0c32e,application_update,Your application has been reviewed,Charge leg those behavior.,f,application,3b797763-6861-4488-844b-07a599d3ba3f,2026-05-17 15:32:53
3696f439-a7e3-4ba1-baf3-39847748a13c,ec9e84b7-4380-475f-abe1-19dc237d8838,company_news,A company you follow posted a job,Space pressure shoulder claim white.,t,company,2aa1acb0-c361-45a6-9adc-c2750b527fd9,2026-05-17 15:32:16
c7bdd54a-1086-4d16-989a-b8204e5b9a7a,fce7cfe5-e278-4d7b-af7e-54aaa7e5f40a,application_update,Your application has been reviewed,Prepare us game size fund growth task issue.,t,application,44810481-5503-4464-aaf7-71ad06f8c7cc,2026-05-17 15:33:24
a8e1c710-d17a-4c37-8941-1e04a97efe6b,52a7087b-14d4-43a4-8c99-ab52b7fbd8b9,system_update,Platform maintenance scheduled,Dream young parent when note yes.,t,system,f570a1da-c33f-4dbb-9f5b-1f5b8e4f5b7d,2026-05-17 15:31:01
b98ee152-81e2-4856-b10b-c3cb6176626c,05d82f52-c13d-4578-923e-9c84c141f52a,job_alert,New jobs matching your alert,Central that natural.,f,alert,96f5c8b9-268a-414f-9c9d-a5b190e2be7a,2026-05-17 15:33:38
d382a5f6-a481-49c5-92b4-742b049c58d3,8d30e723-0cfb-4643-8129-a17371a64527,application_update,Your application has been reviewed,Material lawyer college fast.,t,application,12c25467-8e22-474f-ad31-0e4eeccf5529,2026-05-17 15:30:56
9bc28ce8-fc45-4e35-84b0-d75f8a552b4f,5f86de62-8dbf-409f-a992-49fa1cdf5e5c,company_news,A company you follow posted a job,Guy become condition sign election list eight.,f,company,6627f91e-6ed6-4fda-846d-e5655225ec8d,2026-05-17 15:33:21
f7c1b17b-2f83-45a3-a1f2-cc0b78b44eaa,9aa559ca-05f1-49f4-b372-6770407d5abc,application_update,Your application has been reviewed,Vote will major guy.,t,application,13da5716-e762-4b5d-8c6f-c02a42f1c614,2026-05-17 15:31:35
cea2d94d-78ce-4926-a0ae-a13a13561c3e,08514437-28c5-4adc-9b2b-1fefb2daa52f,system_update,Platform maintenance scheduled,Tax true can happen suddenly weight.,t,system,e5df12fe-1b01-4a2c-abdc-fe64adb43316,2026-05-17 15:31:51
45f1da21-f114-4819-a357-0907559154a1,06062749-71be-4084-be3c-291cbc099043,new_match,New job matches your profile,Media enjoy then radio per popular.,f,job,fc313297-53cf-4b55-b1cb-174502c55c95,2026-05-17 15:32:57
bf3ec277-0795-4b92-909d-d2c324787e8c,5f86de62-8dbf-409f-a992-49fa1cdf5e5c,new_match,New job matches your profile,Record night choice black heart.,f,job,925d0e85-3940-4d9c-bc55-026a4524011e,2026-05-17 15:32:26
78ca398f-f5ad-4b21-9900-7e09f909537a,8d30e723-0cfb-4643-8129-a17371a64527,company_news,A company you follow posted a job,Development them protect give.,f,company,e064a910-bd8d-4b4f-b6a8-cfc817ca348e,2026-05-17 15:32:08
65ea4b03-6bda-408c-86bf-4f953fc6d759,52a7087b-14d4-43a4-8c99-ab52b7fbd8b9,interview_scheduled,Interview scheduled for you,Too let beat rule true two should.,t,interview,f626ca99-fbab-4e06-b125-926288989783,2026-05-17 15:31:19
8cc7c78c-6f26-45de-972d-48576ca4e3ed,fe2d46cb-e0b1-44bc-b076-29b0b8e7c211,job_alert,New jobs matching your alert,Ask garden page defense scientist boy.,t,alert,a0730b39-c11d-4940-a23f-56586b168fa8,2026-05-17 15:32:05
7889f223-1c68-4e2d-849e-e0a8b4beb7ab,e918ae65-c7bf-4494-a8d4-4c983a923cf4,job_alert,New jobs matching your alert,Choose like policy floor all over herself.,t,alert,8819c00b-7a4a-46b0-83ba-2ec1617d47c1,2026-05-17 15:33:32
1e11fded-ae3c-414a-bb91-33030e49fc20,4fd5e63e-f43a-4015-a41c-fabe5d3649d9,application_update,Your application has been reviewed,Smile without degree deep age serve.,f,application,12c25467-8e22-474f-ad31-0e4eeccf5529,2026-05-17 15:32:00
2741c120-b0cd-4403-b377-a2bfcd399e4e,8d30e723-0cfb-4643-8129-a17371a64527,interview_scheduled,Interview scheduled for you,Player base attorney if fear.,f,interview,83433f1c-ad3e-4f41-831d-6c6a01acbf26,2026-05-17 15:32:52
64fbc772-37c0-49a0-9dab-8c8c928a066a,42398576-01e9-42ff-8738-69490c7fad47,new_match,New job matches your profile,Modern prove else store begin top.,f,job,f626ca99-fbab-4e06-b125-926288989783,2026-05-17 15:31:45
de22b2b3-e9e8-41d0-ba7e-d37abe0832cc,5d690391-d816-43be-a80c-fdb2d11cb7cb,job_alert,New jobs matching your alert,Clearly glass industry little read.,f,alert,aa351c19-80d2-4338-8d98-688d6e1a4ab1,2026-05-17 15:31:12
f2a4601c-ed12-448a-8f69-d1493e2fd34a,bf4e210f-643a-4759-ab83-8af17b86f043,application_update,Your application has been reviewed,Great realize home act situation others.,t,application,d1567c57-443c-4435-b2ab-674d1428ba44,2026-05-17 15:30:58
1115b345-f2da-4d0e-9e39-4c8bcbf6796d,1112fa14-8b0d-4294-97e7-78b8faa275e7,company_news,A company you follow posted a job,Pattern food worry voice sea say first character.,f,company,abf3f0f7-329c-4cb7-bb42-a667afae24b6,2026-05-17 15:32:06
4bb17829-5a3e-407d-ada6-de43c0a96715,200962be-acdd-4774-989f-9693038dc1f9,interview_scheduled,Interview scheduled for you,Material first society purpose.,f,interview,833aff2c-2b99-4e2c-a5e1-3d9f61335bbb,2026-05-17 15:31:31
1f06fdb5-3b97-4ad8-9e37-3a81c947ebd6,b071b687-6c6d-4983-b0e0-292fd635db95,application_update,Your application has been reviewed,Write wall tax.,t,application,bad5954d-9fdf-407f-97aa-010a17197163,2026-05-17 15:32:38
78ce1f1e-a645-41fd-9a97-7afe99146477,c57f74eb-3896-49d3-915c-befbaa80912e,system_update,Platform maintenance scheduled,Best despite without information national coach help girl.,f,system,b7bcc288-58b4-4f4a-b9d3-637d67015e07,2026-05-17 15:33:35
4f2cb737-3549-4d8a-af9f-1425a0ef1114,082e636b-d900-4a79-af0b-059a0513e322,job_alert,New jobs matching your alert,Western have hair few film standard by.,f,alert,833aff2c-2b99-4e2c-a5e1-3d9f61335bbb,2026-05-17 15:32:13
05001a45-122a-44f4-8059-6aafe3b0351a,a473bdba-d0c5-4c98-bf2a-78fa4a8fc4c8,company_news,A company you follow posted a job,Increase goal stock international wind from unit.,t,company,6714f4dd-8f94-4994-8875-088ca7ec70b3,2026-05-17 15:32:06
dcb6361c-901e-48ae-a102-1fee2b08900f,90a9d186-482c-49a6-b239-b4f579eea7a3,interview_scheduled,Interview scheduled for you,Computer organization myself high suddenly read.,f,interview,d3105ea6-d58f-40fe-901c-fe26855262ec,2026-05-17 15:32:02
792b9c45-6065-4134-bdcb-40c073a86995,edc16c09-5781-40d0-8a7c-329a9f451b7c,company_news,A company you follow posted a job,Reduce visit town between because.,f,company,b7380fca-7ced-4e1f-9c7b-5878912d4f20,2026-05-17 15:33:14
56cb7736-715e-420f-a0ba-a9cd8eac2f87,90a9d186-482c-49a6-b239-b4f579eea7a3,company_news,A company you follow posted a job,Power pattern in market.,t,company,b658cbc5-9996-4914-8786-8d6e5b1cac23,2026-05-17 15:32:59
6f215937-6147-4b57-b077-ff41ade78ecc,b071b687-6c6d-4983-b0e0-292fd635db95,interview_scheduled,Interview scheduled for you,Between know ok allow face inside development.,f,interview,e5a3e7d9-2c4e-4ef6-8e6f-9be54cbafd87,2026-05-17 15:32:05
42120d80-6dad-4bee-b8df-87a47d2f3a40,5d690391-d816-43be-a80c-fdb2d11cb7cb,job_alert,New jobs matching your alert,Boy task wear go soldier less.,f,alert,4f06a002-c80c-4857-83f2-b08a7c2dbe4f,2026-05-17 15:33:27
172bdf17-c6af-4c23-a567-af2d80e25830,7baddfc6-73f2-46fc-af71-1d953aad7001,new_match,New job matches your profile,Account hear difference exist they enough.,f,job,1f3bdefb-098d-4df7-ae8c-81c5fe8961c7,2026-05-17 15:33:14
af2c9cd9-e0e6-4247-9685-4e50efbcf90b,343df1f9-158d-4308-b8a9-76af3e20c84a,system_update,Platform maintenance scheduled,Pull above training allow ago so.,t,system,8819c00b-7a4a-46b0-83ba-2ec1617d47c1,2026-05-17 15:33:15
e47ca945-8599-418e-9b27-b56aff5dafbe,edc16c09-5781-40d0-8a7c-329a9f451b7c,application_update,Your application has been reviewed,Star outside friend where year drop wind.,f,application,d8a7eb3c-b5b9-4a45-9f70-a50966f1c4be,2026-05-17 15:31:18
f9cad7bc-f25d-4879-82e9-5688af757df6,42398576-01e9-42ff-8738-69490c7fad47,new_match,New job matches your profile,Stock soon official can player within.,t,job,f342ad4f-a944-4677-9910-c446491d073b,2026-05-17 15:31:15
652318da-4c51-4c98-b6bc-5cc14ff76160,4fd5e63e-f43a-4015-a41c-fabe5d3649d9,company_news,A company you follow posted a job,Military join between song mean place.,f,company,294ff8f7-1ff2-4564-bfeb-30433e94cff4,2026-05-17 15:33:05
1c07cae8-7758-435d-90ff-0b89d9abe39b,835d6d27-05e7-4e0e-9474-455337d95b16,company_news,A company you follow posted a job,True study city follow behavior agent activity show.,t,company,bd562029-1613-4887-a077-caeeb99f5ed1,2026-05-17 15:31:11
efc3e509-118f-4a87-b0f6-342d16760dfe,7b2c402b-31a4-4520-9c27-ec7ad4b0d7a9,application_update,Your application has been reviewed,Remain turn bad him score candidate law place.,f,application,ec4ba17f-fec7-458f-9e1f-d402adadb147,2026-05-17 15:31:48
ac31232d-ed82-4ef1-a645-122fff73f058,65c670c6-2728-485b-877c-9769a8f95ce9,system_update,Platform maintenance scheduled,Present develop create subject risk.,f,system,0ae3a222-c6d2-44ea-aeab-1a8d765e3394,2026-05-17 15:33:09
cab93585-8c84-4bae-9a17-d29e883d755f,a473bdba-d0c5-4c98-bf2a-78fa4a8fc4c8,new_match,New job matches your profile,Side process ever various physical point.,f,job,bdf1e5d8-ff34-4edf-af71-932dccf7e7dd,2026-05-17 15:32:28
ac056d0d-5ab9-4b4c-ad55-0ccbcc1fcb30,793d8c87-5653-483a-95ab-4b8e97f8a35b,interview_scheduled,Interview scheduled for you,Book until but center.,t,interview,2a7ac985-b35f-49ab-aa94-5559ff772390,2026-05-17 15:31:31
616723bf-3367-4716-9b45-e026ee536579,5d690391-d816-43be-a80c-fdb2d11cb7cb,application_update,Your application has been reviewed,Behavior management guess stuff.,t,application,c992f7fc-0501-4706-bdfa-1a44d49b748a,2026-05-17 15:31:54
707aca0a-f4c3-49e3-9958-40fe57d94166,d84c9432-37c6-487d-bb86-26c28019af71,interview_scheduled,Interview scheduled for you,Somebody including main personal decision information threat.,t,interview,0fc15e57-4bc3-44c4-a2d6-5364443b36c1,2026-05-17 15:32:38
76fda09b-f335-4a2a-8bf9-b42e7abd891b,c0c477b5-07d8-4fb0-bfb1-f1966dbb12af,company_news,A company you follow posted a job,Speak conference act condition note parent all.,t,company,748bd364-f1cd-43b6-9621-d61dde7346d3,2026-05-17 15:33:39
4fd72ac8-bb99-42ae-bf07-e2089f5a26a8,42398576-01e9-42ff-8738-69490c7fad47,application_update,Your application has been reviewed,Low pass national citizen score unit.,t,application,9533ec3c-635f-456b-89a7-dc1f047e1f2c,2026-05-17 15:31:18
e9824821-dd4b-4d28-a016-4a09a2851a4c,7b2c402b-31a4-4520-9c27-ec7ad4b0d7a9,job_alert,New jobs matching your alert,Movie military set.,t,alert,dab353be-c5d4-4ad1-85c6-fb6e3cf67dbb,2026-05-17 15:31:22
dfa15dbb-1859-456c-9b7a-5ac3da84a8e6,ef1f858b-e079-41cc-8b2b-a1726310e0ac,interview_scheduled,Interview scheduled for you,Boy describe foreign detail road vote.,f,interview,499dfe50-6633-48f0-aed4-9db0d1303f06,2026-05-17 15:31:32
49f0cd4e-7dc6-47a1-aadd-e17aa2c6ac3f,343df1f9-158d-4308-b8a9-76af3e20c84a,interview_scheduled,Interview scheduled for you,Current begin remain present level speak job.,f,interview,c00dcba7-819e-40f7-86f1-3d48aae3efa6,2026-05-17 15:33:34
1ab45ae6-2b14-4dab-99dd-329815c81b5d,ad0d042d-e3e3-448f-9720-4633ac6e9604,job_alert,New jobs matching your alert,Economic cup suffer response which.,t,alert,5a13931e-9b38-46d7-bf0a-585166dcdf64,2026-05-17 15:31:02
8a855428-c517-4eba-b0bf-ff6f38587b0d,686202f6-815e-4861-86c7-9223357dd495,new_match,New job matches your profile,Find some west maintain third interest section staff.,f,job,5f41af89-ae3a-40bd-8618-60dae62d4f57,2026-05-17 15:32:36
080266c5-6a3b-4fd1-9e4f-33f87c666dfa,686202f6-815e-4861-86c7-9223357dd495,company_news,A company you follow posted a job,Him current good today standard last threat when.,t,company,aa351c19-80d2-4338-8d98-688d6e1a4ab1,2026-05-17 15:31:29
4807ecdb-cb9c-4d15-a1a3-8e28440deff9,65c670c6-2728-485b-877c-9769a8f95ce9,company_news,A company you follow posted a job,Fall step population whole good air.,f,company,28295804-2683-4704-9ce1-dd1681f0c0a8,2026-05-17 15:31:16
61441f76-d33a-4931-9168-eb748d2cf67a,e02399cc-bf52-4329-a6d9-2cb34bb05255,application_update,Your application has been reviewed,Investment control early Democrat he certain.,f,application,a8371860-81dc-4f95-b509-53660782627a,2026-05-17 15:31:40
59df4533-5f2d-4ac9-a272-45293abb6386,7701e1e9-8626-4baf-a06d-746efdbf99cd,application_update,Your application has been reviewed,Five action forget.,t,application,fc655d49-94e7-4e2c-b696-491123f4fec4,2026-05-17 15:32:07
4c9baa5d-daf7-48fe-b544-be9f431e1015,c55bf5a4-c8ee-49e2-8083-32b06430027a,interview_scheduled,Interview scheduled for you,Together no history own money bill.,t,interview,cc730cd5-b7fb-4fda-bab3-e2046cec2fce,2026-05-17 15:31:34
ea50920a-c861-4263-b05e-171f9edff852,98146436-8ead-46c6-9ea5-772d2205afcf,application_update,Your application has been reviewed,Watch space provide off position radio itself spend.,f,application,af85a492-e20e-4129-bc67-4ddcf8394f8b,2026-05-17 15:31:19
4e1f3465-6ee4-422f-8052-ac50301aea87,44d53017-34d5-4e39-9376-5cc020829d18,interview_scheduled,Interview scheduled for you,Sort material wrong.,t,interview,ef5007da-8957-4101-ad63-7c206367ffc0,2026-05-17 15:31:59
8f1e5799-622b-4f01-b3b9-7439d91c147b,ef1f858b-e079-41cc-8b2b-a1726310e0ac,new_match,New job matches your profile,Laugh over option door.,f,job,c78dd7e4-7829-47ce-a1b3-80d6675e909a,2026-05-17 15:30:47
79c2ee86-78d5-4556-a976-bbc47b72ccb3,e918ae65-c7bf-4494-a8d4-4c983a923cf4,application_update,Your application has been reviewed,Popular task write.,t,application,0b33c4cd-1b81-47e1-a047-7491cbb27033,2026-05-17 15:33:28
2f9f72f2-02f9-4d8e-9e58-dd289175ab40,fe2d46cb-e0b1-44bc-b076-29b0b8e7c211,new_match,New job matches your profile,Capital whom already mouth month.,t,job,5a13931e-9b38-46d7-bf0a-585166dcdf64,2026-05-17 15:31:44
29c756fe-b66b-466a-883a-ab26cd0abc7d,470b8676-7bf6-4107-856d-3f6d6c0bdcf3,system_update,Platform maintenance scheduled,Attorney believe sort.,t,system,5fb82f0b-d0f5-4b5f-b392-f1ff4d24e899,2026-05-17 15:32:54
cc76b3b9-a20b-472b-a715-fc429c06f80b,f58c1c67-74f5-4da0-9373-6ea420895e14,job_alert,New jobs matching your alert,First generation bag simple management.,f,alert,b5bfb270-5554-46c1-816e-7a24415b3fe7,2026-05-17 15:30:52
74332406-069c-4135-b04f-a90ba433696f,05d82f52-c13d-4578-923e-9c84c141f52a,system_update,Platform maintenance scheduled,Recent lawyer support whose building.,f,system,79995374-4112-43b5-b5c9-9ccfc977bba5,2026-05-17 15:31:51
43411568-e70f-4dca-a420-c1f929ae6ae2,0758fcef-5943-423a-8a79-6e2d6ebb8fca,job_alert,New jobs matching your alert,Bill difference stay catch year technology right difficult.,f,alert,ea45b849-6853-44a3-9b53-29921a9383dc,2026-05-17 15:30:59
3784f960-e2de-4daa-96fa-07a0e0e6655e,8d30e723-0cfb-4643-8129-a17371a64527,job_alert,New jobs matching your alert,Staff Mr above read appear third.,f,alert,253316cc-2563-443b-b007-327beaf01e10,2026-05-17 15:30:51
e0012d1b-a675-4431-aa99-1e550f92ad9e,1f95ee40-8255-40d3-aa20-abd311effafb,application_update,Your application has been reviewed,Water avoid forget.,t,application,fc655d49-94e7-4e2c-b696-491123f4fec4,2026-05-17 15:32:34
90219bc2-4626-4343-9813-2725045eaccf,edc16c09-5781-40d0-8a7c-329a9f451b7c,job_alert,New jobs matching your alert,Establish color case leave call technology.,t,alert,a26ffbb7-093a-4c8b-92b8-9666059b67c5,2026-05-17 15:32:59
8bc60f7f-ab22-465f-80c9-083ae326cb79,80e20a68-1053-46a0-b7cd-302fc90ad627,company_news,A company you follow posted a job,Pm property miss drive long majority.,t,company,d1567c57-443c-4435-b2ab-674d1428ba44,2026-05-17 15:31:34
