experience_id,user_id,job_title,company_id,company_name,industry_id,city_id,start_date,end_date,description,is_current
1256271c-fefe-4ecf-90b9-effe78755843,fe2d46cb-e0b1-44bc-b076-29b0b8e7c211,Full Stack Developer,7c31d95d-e425-4091-b401-d9f274bc3aa2,,8d9636a5-b58d-4476-aa34-adaf55917ddc,88ae2ad4-e596-4cd6-8335-352ba27edee8,2018-11-10,2020-06-09,General not focus establish ago others ahead. Around yard morning short yourself.,f
e072061d-4ec2-469c-bb5e-aba9f9652d0d,fe2d46cb-e0b1-44bc-b076-29b0b8e7c211,Full Stack Developer,,Garcia Ltd,8d9636a5-b58d-4476-aa34-adaf55917ddc,cd8bcf27-fe79-4975-a680-756a104c2ae5,2021-09-11,,Move social say shake way.,t
991ed1bc-dc15-4774-a7f4-de42e70e6aaa,607fcf49-7456-44c6-bb4e-1a3f1429739e,DevOps Engineer,8b445472-ac60-4ed3-9617-bd007b884ef8,,75dae6b2-21b0-4bce-9147-15539bbe9a7e,25108af7-4852-4206-b168-fe736b42859d,2020-12-08,2022-01-30,Great stuff suddenly compare or south. Trial agreement red way nor none.,f
f15aa004-d5ae-4367-878b-ef4d3aedacaf,607fcf49-7456-44c6-bb4e-1a3f1429739e,Senior Developer,,Copeland Group,75dae6b2-21b0-4bce-9147-15539bbe9a7e,cbf988ac-01e5-42f4-b4ce-f8caace4832b,2017-09-14,2020-10-07,Compare also argue own after. A truth cut candidate response try such.,f
53c5c2a4-750d-4b80-b3c8-6cc8ac968a1f,f1b5e9f8-50fc-4e60-b822-e1730940bf21,DevOps Engineer,,Brown-Hernandez,75dae6b2-21b0-4bce-9147-15539bbe9a7e,cbf988ac-01e5-42f4-b4ce-f8caace4832b,2018-12-24,2019-12-16,Suffer team whether health.,f
cc6a63e4-7b70-4424-b8fd-14db26886731,f1b5e9f8-50fc-4e60-b822-e1730940bf21,Sales Executive,,"Foster, Garcia and Turner",8d9636a5-b58d-4476-aa34-adaf55917ddc,18c4e80b-8548-4a35-8b95-8b1211659f62,2018-07-26,2021-08-14,Run join police maintain.,f
dcf84b61-55db-4970-9a4d-2a48ecf9ad2a,ca2f6f0c-4c16-4413-8ae1-807e88a21578,Business Analyst,8d75f308-7d54-439e-aa2e-d51c045910d3,,bdf207b3-a4af-49b3-b56f-21da234c76b4,228c2d92-e16c-4952-b280-aa76b6039ec3,2018-12-11,2021-01-05,Religious no threat party. Development open compare fill read camera.,f
78414bc0-fae1-4cc4-a86a-7f71fca50f8e,ca2f6f0c-4c16-4413-8ae1-807e88a21578,Network Engineer,0988657d-498a-4138-a545-c67c635e50bc,,8d9636a5-b58d-4476-aa34-adaf55917ddc,9839c6c5-7f0e-4d94-bc00-4d545818fd19,2016-12-20,2018-02-11,Hot yes whole allow own TV whose.,f
978b0867-be95-4471-976d-3f717df35bc4,ca2f6f0c-4c16-4413-8ae1-807e88a21578,Business Analyst,,Bowman Inc,6cd7d035-375b-4ed7-be57-86d9cfefd68f,88ae2ad4-e596-4cd6-8335-352ba27edee8,2020-05-11,,Former back get floor. Start prove role from.,t
91b44d28-825d-469b-9e65-8662f0446c5d,b071b687-6c6d-4983-b0e0-292fd635db95,Senior Developer,,Baker and Sons,8d9636a5-b58d-4476-aa34-adaf55917ddc,968aaf88-00fb-45df-a448-84c109d47766,2016-12-27,2018-05-22,Either blue ability history run why.,f
43d6ed58-a588-491e-8d48-b37d42a9a72e,b071b687-6c6d-4983-b0e0-292fd635db95,Content Writer,c7fbe351-edcb-47e7-97a2-1ce31ea41cef,,8ab76203-671f-4ce8-9082-4d1abc848c6c,88ae2ad4-e596-4cd6-8335-352ba27edee8,2021-07-30,2022-05-19,Think goal heart stock small official serve. Class available suffer far five.,f
7791f4f0-45da-47a3-914a-9581d9266c98,b071b687-6c6d-4983-b0e0-292fd635db95,UI/UX Designer,7c31d95d-e425-4091-b401-d9f274bc3aa2,,073051ba-089b-4559-8557-ad95880b2752,799eb2c8-9348-4a65-80bb-d8ff82ac8c26,2019-06-09,2020-10-31,Game thousand claim avoid.,f
bce26dab-ab46-4833-bd50-80881a6c4509,c55bf5a4-c8ee-49e2-8083-32b06430027a,Financial Analyst,58357c95-8874-4183-b951-faf8c5e2089b,,14a2f180-c08a-4799-8b23-2c8e417903a4,751ff308-6cca-43ab-be08-8555486ee7ac,2020-06-18,2023-09-02,Order party lot all wall close.,f
4535568c-086e-4a22-93cb-0d70826206a3,c55bf5a4-c8ee-49e2-8083-32b06430027a,Backend Developer,a1a3654b-d5be-4c74-b6fa-79fe549216ba,,6cd7d035-375b-4ed7-be57-86d9cfefd68f,18c4e80b-8548-4a35-8b95-8b1211659f62,2021-08-09,2024-02-26,Approach former window important. Reveal role enter example down anyone occur.,f
15bdd02b-d154-418b-877c-2d22d8d68c55,c55bf5a4-c8ee-49e2-8083-32b06430027a,Sales Executive,,Hernandez-Ward,8d9636a5-b58d-4476-aa34-adaf55917ddc,968aaf88-00fb-45df-a448-84c109d47766,2015-01-08,2016-08-10,Far product outside current. Deal point with.,f
ca8bb320-d368-4668-984c-637e2237520b,8f2529b1-bc32-46af-91a0-7324cd5d38f7,Sales Executive,,Anthony-Parker,8ab76203-671f-4ce8-9082-4d1abc848c6c,ab7619b9-adef-4882-9b23-1cb3661050da,2018-07-27,2019-09-06,Major produce before name continue those hard. And keep enjoy student nor character recent.,f
b4247478-8a72-4207-b680-7470f61b61e2,8f2529b1-bc32-46af-91a0-7324cd5d38f7,QA Engineer,,Miller LLC,14a2f180-c08a-4799-8b23-2c8e417903a4,88ae2ad4-e596-4cd6-8335-352ba27edee8,2020-07-25,,Wife operation network subject stand industry. Reach view of dog federal house take.,t
8ddcbb2c-e3b5-4033-914d-99aaaf8f7130,8f2529b1-bc32-46af-91a0-7324cd5d38f7,Frontend Developer,,Shaw PLC,8eb15e1d-1907-4904-8a33-db76940f3a57,f846f587-f455-49f3-a062-6c7a9dd85087,2016-11-18,2019-09-05,Challenge we last we cold deep cover amount. Write itself young physical.,f
b12d040e-4820-4094-a50d-d0cc9fc39e25,4dff8b74-8f48-4ee5-a0d5-d025de6581df,Full Stack Developer,8b445472-ac60-4ed3-9617-bd007b884ef8,,073051ba-089b-4559-8557-ad95880b2752,f846f587-f455-49f3-a062-6c7a9dd85087,2017-05-08,,Floor road southern beautiful news. For everybody leader them skill performance mission.,t
7b1dd778-2cad-4c9b-8f60-9f59f217e2be,4dff8b74-8f48-4ee5-a0d5-d025de6581df,DevOps Engineer,,Rodriguez-Hernandez,df5d3f84-221b-4706-b6e1-d2678e7fb339,0bb746ab-a5cc-4528-aa6a-dd85df09a96f,2015-07-17,2018-10-01,Old who beyond black single size test they. Enough pressure occur list common idea.,f
083602a0-1fdc-48d3-87f9-2c02ee5b6dc1,470b8676-7bf6-4107-856d-3f6d6c0bdcf3,Sales Executive,0988657d-498a-4138-a545-c67c635e50bc,,6cd7d035-375b-4ed7-be57-86d9cfefd68f,0bb746ab-a5cc-4528-aa6a-dd85df09a96f,2018-12-09,2020-10-09,Race I how these real any little environmental. After stage field exactly man receive.,f
17f41714-0ea3-4b58-9229-f81f83e3f203,470b8676-7bf6-4107-856d-3f6d6c0bdcf3,Frontend Developer,043c62f9-e3ae-45a0-91cf-9b939a0cfdea,,8ab76203-671f-4ce8-9082-4d1abc848c6c,1ea1f74a-9084-4666-895a-5b0f2cd6df57,2015-10-29,2016-05-16,Care wind kitchen stay especially.,f
a9bc7024-aa11-4e2d-aff8-38f16a663e69,9c21c4b3-0839-4c0f-ab04-dc9ab3378b33,Financial Analyst,abb40bf1-e421-485e-93f9-bcbcfcd3202c,,14a2f180-c08a-4799-8b23-2c8e417903a4,cbf988ac-01e5-42f4-b4ce-f8caace4832b,2016-11-27,2017-08-10,Population could deep station scientist service test start. Social assume remember idea sister modern notice.,f
c4fc2505-aacd-45ba-9782-af25f1580a17,9c21c4b3-0839-4c0f-ab04-dc9ab3378b33,DevOps Engineer,,Lee and Sons,3f63efb4-8442-4057-a292-742c27f8c348,ab7619b9-adef-4882-9b23-1cb3661050da,2021-11-18,2023-08-01,Almost anything growth current happy.,f
4fd24b75-d41e-49d3-9428-7bdd12434800,1112fa14-8b0d-4294-97e7-78b8faa275e7,Business Analyst,0ee6ddaa-2284-46a9-a86d-4bf900c12b3b,,073051ba-089b-4559-8557-ad95880b2752,9839c6c5-7f0e-4d94-bc00-4d545818fd19,2016-10-05,,However type race drop major land whether. Only glass clear thus see read expect.,t
60e080b0-558e-402c-a3e7-61118a7feec9,1112fa14-8b0d-4294-97e7-78b8faa275e7,Product Manager,7f42ed9d-b8cd-4395-967d-920a92ab6d3a,,df5d3f84-221b-4706-b6e1-d2678e7fb339,cbf988ac-01e5-42f4-b4ce-f8caace4832b,2021-01-21,2022-03-20,Clear occur who. Positive question especially important after.,f
cd49f98c-b736-4cb7-80ef-71a8466d0516,9b93a8d5-8ff4-4b43-9181-12e40f69608d,Database Administrator,abb40bf1-e421-485e-93f9-bcbcfcd3202c,,5201a91a-61ae-42a4-a4bc-53b6797f6a46,b6ee39c4-ee79-4c3f-9380-a75aa01c66b1,2020-07-03,,Treatment positive over across education source figure.,t
0493e97f-e8c2-4c63-9311-a6205c6080e9,9b93a8d5-8ff4-4b43-9181-12e40f69608d,DevOps Engineer,aab08191-b495-481e-9b43-c5ab24f70149,,8ab76203-671f-4ce8-9082-4d1abc848c6c,0bb746ab-a5cc-4528-aa6a-dd85df09a96f,2021-09-24,2022-10-20,Time surface learn design few minute.,f
273759d1-fbe9-426d-b0c7-53b8d8746bbb,9b93a8d5-8ff4-4b43-9181-12e40f69608d,Full Stack Developer,abb40bf1-e421-485e-93f9-bcbcfcd3202c,,8e3471e2-b658-421d-ab09-4e0a23a00f40,9839c6c5-7f0e-4d94-bc00-4d545818fd19,2016-04-18,2018-02-27,Once account yourself whom style no. Participant fear blue as write political technology end.,f
24b8b8ab-ce62-4770-8053-d78c660e2289,d84c9432-37c6-487d-bb86-26c28019af71,HR Manager,7f42ed9d-b8cd-4395-967d-920a92ab6d3a,,5201a91a-61ae-42a4-a4bc-53b6797f6a46,0bb746ab-a5cc-4528-aa6a-dd85df09a96f,2017-01-27,2018-02-02,Change she tonight south sort.,f
cf9651ff-1a58-49f1-b2b6-0ad26b5653d6,d84c9432-37c6-487d-bb86-26c28019af71,Senior Developer,,"Powell, Flores and Taylor",6cd7d035-375b-4ed7-be57-86d9cfefd68f,cd8bcf27-fe79-4975-a680-756a104c2ae5,2020-03-19,2022-04-15,Young else industry home along remain occur.,f
09f3737c-2037-4b32-9c65-4523faac441a,30f4deb0-fa2d-446b-9f07-e23145a00df2,Financial Analyst,0ee6ddaa-2284-46a9-a86d-4bf900c12b3b,,3f63efb4-8442-4057-a292-742c27f8c348,751ff308-6cca-43ab-be08-8555486ee7ac,2016-02-01,,Risk develop movement size trade public.,t
122f2b4f-7104-4d0b-906e-40bab88aee12,30f4deb0-fa2d-446b-9f07-e23145a00df2,Content Writer,0ee6ddaa-2284-46a9-a86d-4bf900c12b3b,,bdf207b3-a4af-49b3-b56f-21da234c76b4,25108af7-4852-4206-b168-fe736b42859d,2021-03-17,,Suddenly subject theory Congress best. Scientist rise next tree.,t
52b4cdcf-ae6e-4da9-89e5-f97a985701c0,30f4deb0-fa2d-446b-9f07-e23145a00df2,Data Analyst,ba7256ee-5bdf-4568-8d94-573bf1ba058c,,073051ba-089b-4559-8557-ad95880b2752,f846f587-f455-49f3-a062-6c7a9dd85087,2020-04-28,2021-08-27,Develop development the inside. He one less brother approach plant.,f
19d8654e-20a1-4e1b-befa-e067be22a68e,7701e1e9-8626-4baf-a06d-746efdbf99cd,Network Engineer,,"Blackburn, Jones and Preston",6cd7d035-375b-4ed7-be57-86d9cfefd68f,1ea1f74a-9084-4666-895a-5b0f2cd6df57,2021-05-28,2023-10-18,Test high fear approach. Case customer important notice.,f
702f4b87-fd02-4ffd-b782-55363a81419e,7701e1e9-8626-4baf-a06d-746efdbf99cd,Business Analyst,,Thomas-Huffman,75dae6b2-21b0-4bce-9147-15539bbe9a7e,968aaf88-00fb-45df-a448-84c109d47766,2020-01-14,,Maintain piece computer play.,t
5e6cfb66-a819-4db4-81d9-a10e7026ea09,7701e1e9-8626-4baf-a06d-746efdbf99cd,Business Analyst,,Hayes and Sons,8e3471e2-b658-421d-ab09-4e0a23a00f40,968aaf88-00fb-45df-a448-84c109d47766,2015-06-24,2017-03-10,Share majority shake because pass plant idea.,f
8d9cb007-36fe-4e04-8176-1020337c1448,52a7087b-14d4-43a4-8c99-ab52b7fbd8b9,Data Analyst,,Reyes-Johnson,8ab76203-671f-4ce8-9082-4d1abc848c6c,799eb2c8-9348-4a65-80bb-d8ff82ac8c26,2017-11-22,2020-08-24,Wear throughout series most adult above.,f
75b0a78a-bd36-44ea-822f-341b21367577,52a7087b-14d4-43a4-8c99-ab52b7fbd8b9,Content Writer,05f82b79-c56e-4ce8-8b41-470b9d97252f,,8d9636a5-b58d-4476-aa34-adaf55917ddc,cd8bcf27-fe79-4975-a680-756a104c2ae5,2021-03-28,2022-07-03,Really general can himself open.,f
0208ee5a-a55f-418e-a5f3-99e6204ce6db,52a7087b-14d4-43a4-8c99-ab52b7fbd8b9,Database Administrator,,Brown Inc,6cd7d035-375b-4ed7-be57-86d9cfefd68f,968aaf88-00fb-45df-a448-84c109d47766,2021-12-27,2022-10-18,Lay minute model its rather.,f
82df833b-cfd1-48f8-a8ff-a2dab9dab59b,686202f6-815e-4861-86c7-9223357dd495,Product Manager,,Cooper Group,3f63efb4-8442-4057-a292-742c27f8c348,cd8bcf27-fe79-4975-a680-756a104c2ae5,2021-08-05,2022-05-14,Close trade speech affect difference. Deep against mean but.,f
67776fba-8dfc-4798-a122-0bb9c5dbaba8,686202f6-815e-4861-86c7-9223357dd495,Machine Learning Engineer,,"Santos, Johnson and Mcdowell",df5d3f84-221b-4706-b6e1-d2678e7fb339,228c2d92-e16c-4952-b280-aa76b6039ec3,2016-02-18,2019-02-03,Perhaps order answer blue structure answer break.,f
5cf20597-8e05-466a-a0a9-63192c8a0208,686202f6-815e-4861-86c7-9223357dd495,Senior Developer,7c31d95d-e425-4091-b401-d9f274bc3aa2,,5201a91a-61ae-42a4-a4bc-53b6797f6a46,799eb2c8-9348-4a65-80bb-d8ff82ac8c26,2019-04-18,2021-02-10,Buy education reduce day rate act. Product production establish paper case store.,f
e1c8d796-beae-4384-ad0b-320577989645,0758fcef-5943-423a-8a79-6e2d6ebb8fca,Cloud Architect,,Hunt PLC,14a2f180-c08a-4799-8b23-2c8e417903a4,18c4e80b-8548-4a35-8b95-8b1211659f62,2021-12-07,2022-07-14,Box blood cup current enjoy.,f
136b62d3-5746-4feb-a47c-a27f84dbe9b7,bf4e210f-643a-4759-ab83-8af17b86f043,Machine Learning Engineer,,"Dudley, Howard and Ortiz",8d9636a5-b58d-4476-aa34-adaf55917ddc,88ae2ad4-e596-4cd6-8335-352ba27edee8,2015-07-21,2018-07-23,Nature travel read.,f
df5b853d-a7ce-4020-9bd6-86bcf642a9d4,8d30e723-0cfb-4643-8129-a17371a64527,Product Manager,0988657d-498a-4138-a545-c67c635e50bc,,6cd7d035-375b-4ed7-be57-86d9cfefd68f,228c2d92-e16c-4952-b280-aa76b6039ec3,2018-06-27,2020-12-05,Doctor actually become book off management. Single avoid rich toward.,f
0547e1d8-e224-4bea-82d6-b51be426068b,8d30e723-0cfb-4643-8129-a17371a64527,Database Administrator,58357c95-8874-4183-b951-faf8c5e2089b,,8e3471e2-b658-421d-ab09-4e0a23a00f40,1ea1f74a-9084-4666-895a-5b0f2cd6df57,2019-12-20,2022-07-03,Write fast less between company always fact.,f
01cd6682-e61d-4cb8-af87-018e140bc6fe,e55d2630-e29c-44bc-8b64-956bd7a1b971,Digital Marketing Specialist,,"Edwards, Rodgers and Davis",bdf207b3-a4af-49b3-b56f-21da234c76b4,b6ee39c4-ee79-4c3f-9380-a75aa01c66b1,2019-12-15,,System professional color.,t
0a437fd4-1198-47f9-9072-7699fe6487f7,200962be-acdd-4774-989f-9693038dc1f9,Content Writer,ba7256ee-5bdf-4568-8d94-573bf1ba058c,,6cd7d035-375b-4ed7-be57-86d9cfefd68f,cd8bcf27-fe79-4975-a680-756a104c2ae5,2015-08-19,2016-12-29,Western environmental run head garden box. While even history surface son power.,f
d09a2691-8e06-4f80-8f2e-6d824925a5bf,200962be-acdd-4774-989f-9693038dc1f9,Business Analyst,7f42ed9d-b8cd-4395-967d-920a92ab6d3a,,75dae6b2-21b0-4bce-9147-15539bbe9a7e,f846f587-f455-49f3-a062-6c7a9dd85087,2020-11-17,2021-11-29,Car risk word such.,f
d951b854-9d29-49aa-a781-0c6af8f031a9,ec9e84b7-4380-475f-abe1-19dc237d8838,Machine Learning Engineer,,Perry PLC,8eb15e1d-1907-4904-8a33-db76940f3a57,9839c6c5-7f0e-4d94-bc00-4d545818fd19,2015-07-27,2016-10-29,Question consider here grow agreement range stuff. Low maintain thought key.,f
ba6b63dc-3a6f-47a6-9aa6-2399c8711e23,ec9e84b7-4380-475f-abe1-19dc237d8838,QA Engineer,c7fbe351-edcb-47e7-97a2-1ce31ea41cef,,8eb15e1d-1907-4904-8a33-db76940f3a57,cbf988ac-01e5-42f4-b4ce-f8caace4832b,2019-06-14,2020-01-11,Pressure actually than modern season.,f
8c74f67b-be76-45b8-b2e2-1d3184cab7bd,e988c06d-c9af-462a-aad4-351afdcbd61e,Machine Learning Engineer,c7fbe351-edcb-47e7-97a2-1ce31ea41cef,,6cd7d035-375b-4ed7-be57-86d9cfefd68f,b6ee39c4-ee79-4c3f-9380-a75aa01c66b1,2016-12-28,2019-01-11,Within prove full mission red. Item risk loss professional.,f
c6d0b2a6-ff28-4efa-b055-1e0033eb1537,e988c06d-c9af-462a-aad4-351afdcbd61e,Software Engineer,,"Cruz, Combs and Grant",df5d3f84-221b-4706-b6e1-d2678e7fb339,f846f587-f455-49f3-a062-6c7a9dd85087,2017-11-25,2019-03-11,Activity various measure. System thank avoid man drive wife anyone.,f
00b2212c-bbc0-47ef-9b51-e0801675f1b6,44d1d696-aa73-495f-b7c7-6cb925f14d86,QA Engineer,7f71c372-e0ae-4195-a1f8-4672c4f6a010,,5201a91a-61ae-42a4-a4bc-53b6797f6a46,25108af7-4852-4206-b168-fe736b42859d,2021-06-01,2022-07-12,Poor idea dog learn soon large task.,f
ec0e1032-2cea-4dc0-ae6c-76dc8d8081ec,8e1771ae-a663-4b41-b85a-4fbbaab08c09,Software Engineer,,Stewart-Hooper,8eb15e1d-1907-4904-8a33-db76940f3a57,ab7619b9-adef-4882-9b23-1cb3661050da,2020-10-03,,Idea along near stay.,t
6e0870c2-562c-4762-adc2-341041aa710c,8e1771ae-a663-4b41-b85a-4fbbaab08c09,QA Engineer,,"Richmond, Walsh and Wu",5201a91a-61ae-42a4-a4bc-53b6797f6a46,cbf988ac-01e5-42f4-b4ce-f8caace4832b,2016-06-25,2016-12-30,Pressure lay future stay staff. Forward should outside respond guy laugh best.,f
53176fa6-5d6a-45aa-8ea4-ace4e6d3dfb2,06062749-71be-4084-be3c-291cbc099043,HR Manager,043c62f9-e3ae-45a0-91cf-9b939a0cfdea,,75dae6b2-21b0-4bce-9147-15539bbe9a7e,0bb746ab-a5cc-4528-aa6a-dd85df09a96f,2018-02-01,2019-07-23,Game stop who.,f
8241d2ff-d0ce-4c73-8eb6-f5940c13559c,06062749-71be-4084-be3c-291cbc099043,Sales Executive,,Kelley-Brooks,8ab76203-671f-4ce8-9082-4d1abc848c6c,f846f587-f455-49f3-a062-6c7a9dd85087,2018-05-22,2019-12-29,To manage state.,f
bffdb96e-6a9a-456a-bf25-2f5565cd8c46,7333a73e-5fbe-44b6-96eb-f697c336a3c4,Backend Developer,8b445472-ac60-4ed3-9617-bd007b884ef8,,8eb15e1d-1907-4904-8a33-db76940f3a57,1ea1f74a-9084-4666-895a-5b0f2cd6df57,2019-03-13,2020-06-24,Effect cultural building system. Lead sit response blue increase.,f
0b9cf24e-ce42-458f-84af-0c7bf781229e,7333a73e-5fbe-44b6-96eb-f697c336a3c4,Full Stack Developer,,"Monroe, Chapman and Barton",5201a91a-61ae-42a4-a4bc-53b6797f6a46,25108af7-4852-4206-b168-fe736b42859d,2018-10-09,2021-09-05,Probably what care material morning any very. Lot meet TV concern official room campaign hold.,f
15018609-db07-4854-8666-92fd0f1f1f57,7333a73e-5fbe-44b6-96eb-f697c336a3c4,QA Engineer,7f42ed9d-b8cd-4395-967d-920a92ab6d3a,,3f63efb4-8442-4057-a292-742c27f8c348,799eb2c8-9348-4a65-80bb-d8ff82ac8c26,2018-05-08,,Third mean his woman trouble several event white. Laugh card include record security.,t
b67b7ea7-0068-4889-bde0-8d8cdb46491d,dda0e5f5-c4bf-4700-bf25-4b41a1fbd6da,Digital Marketing Specialist,,Cameron-Kelley,5201a91a-61ae-42a4-a4bc-53b6797f6a46,228c2d92-e16c-4952-b280-aa76b6039ec3,2018-08-02,2020-11-30,Plan cut person fact generation public wonder. Mean reason follow break.,f
716887cb-eafa-48bd-988a-a6a8485a3e1f,dda0e5f5-c4bf-4700-bf25-4b41a1fbd6da,Sales Executive,,Hart-Aguilar,75dae6b2-21b0-4bce-9147-15539bbe9a7e,88ae2ad4-e596-4cd6-8335-352ba27edee8,2019-09-11,2021-10-27,Experience suggest space mission agent certainly prove. Environment size worker raise chair.,f
502fe7a8-b5eb-4e96-b400-0e832ea99254,dda0e5f5-c4bf-4700-bf25-4b41a1fbd6da,Machine Learning Engineer,,Vaughn LLC,bdf207b3-a4af-49b3-b56f-21da234c76b4,228c2d92-e16c-4952-b280-aa76b6039ec3,2017-06-29,2019-04-27,Allow sport bill test science ten score.,f
dc579767-331b-4b66-95b4-888a1163f78d,7648902a-b27b-4c58-814a-a4d59824af50,UI/UX Designer,043c62f9-e3ae-45a0-91cf-9b939a0cfdea,,073051ba-089b-4559-8557-ad95880b2752,cd8bcf27-fe79-4975-a680-756a104c2ae5,2021-04-05,,Down six sometimes explain professor unit. Indicate small rate whole approach season.,t
3ecfc723-a04d-4eee-8684-1e2b29ab59e3,d3f90615-2718-4e1d-831b-156e4ce6fa77,Data Analyst,,Oliver Group,75dae6b2-21b0-4bce-9147-15539bbe9a7e,88ae2ad4-e596-4cd6-8335-352ba27edee8,2017-01-19,2019-05-19,Sense national owner simply who family.,f
d0eea844-e7d2-4f29-ab25-4807a3440936,d3f90615-2718-4e1d-831b-156e4ce6fa77,Frontend Developer,c7fbe351-edcb-47e7-97a2-1ce31ea41cef,,5201a91a-61ae-42a4-a4bc-53b6797f6a46,cbf988ac-01e5-42f4-b4ce-f8caace4832b,2017-07-03,2020-03-16,Cost community message help.,f
ca91cc26-1dbf-472a-a094-0d1237100804,d3f90615-2718-4e1d-831b-156e4ce6fa77,Sales Executive,8d04cf8a-76ca-4552-b31c-422fd18d9caa,,3f63efb4-8442-4057-a292-742c27f8c348,1ea1f74a-9084-4666-895a-5b0f2cd6df57,2018-04-19,2018-12-09,News candidate once effort form. Always up others similar.,f
f4a3ccfb-7916-4b83-916c-f3f263eee91c,b89513fb-9038-4fef-9413-3ac2c9770159,Content Writer,,"Gilbert, Stanley and Henry",5201a91a-61ae-42a4-a4bc-53b6797f6a46,799eb2c8-9348-4a65-80bb-d8ff82ac8c26,2017-03-07,2018-09-28,Group six fish detail contain attention measure. Myself idea glass third professional former.,f
a8b8d988-785f-4dc8-a7e0-c3d42a0ba635,b89513fb-9038-4fef-9413-3ac2c9770159,Business Analyst,1ebdbbce-d9ac-4d3c-aaac-b67756f76918,,df5d3f84-221b-4706-b6e1-d2678e7fb339,cbf988ac-01e5-42f4-b4ce-f8caace4832b,2015-08-10,2018-11-18,Wear peace little no sell.,f
ad3c160a-fade-458b-9102-1ffe95892b58,33e2731e-d8db-49e0-a068-e466ae0381fc,Data Analyst,,"Smith, Caldwell and Griffin",8eb15e1d-1907-4904-8a33-db76940f3a57,88ae2ad4-e596-4cd6-8335-352ba27edee8,2016-08-09,2019-04-13,During always those high someone box either rich. Treat state heart.,f
5a78a9a1-0b16-459c-a8b7-69fc92336cf2,33e2731e-d8db-49e0-a068-e466ae0381fc,Full Stack Developer,7f71c372-e0ae-4195-a1f8-4672c4f6a010,,6cd7d035-375b-4ed7-be57-86d9cfefd68f,cbf988ac-01e5-42f4-b4ce-f8caace4832b,2016-12-25,2018-09-28,Main fast prepare fly bank benefit will. Mouth phone decision picture defense rate structure.,f
9a7dd963-fd28-45e0-9cc6-635620c80238,e8e1c68f-c4a9-495a-89ba-a67a4ab0c32e,Network Engineer,,Medina Ltd,df5d3f84-221b-4706-b6e1-d2678e7fb339,25108af7-4852-4206-b168-fe736b42859d,2020-06-28,2021-05-06,Section child learn forward. Available concern edge audience.,f
bfb1a6b0-b260-40bc-9039-024ac7fd4eba,a2e936a7-7186-45c8-8868-f4d826eeb864,Senior Developer,cbf6edb3-e4c2-44ad-9fdc-0ac73bd92b90,,75dae6b2-21b0-4bce-9147-15539bbe9a7e,18c4e80b-8548-4a35-8b95-8b1211659f62,2019-07-11,2020-01-11,Imagine later identify first hope.,f
34c2a8ea-71c8-4fc3-a1cb-89a92da69be8,a2e936a7-7186-45c8-8868-f4d826eeb864,Content Writer,,Nichols Ltd,75dae6b2-21b0-4bce-9147-15539bbe9a7e,f846f587-f455-49f3-a062-6c7a9dd85087,2019-03-09,2021-10-19,Series one red authority. Blood skin feeling beat she join house.,f
4d5506e8-44fb-48e2-adf6-33c20c213832,80e20a68-1053-46a0-b7cd-302fc90ad627,Machine Learning Engineer,aab08191-b495-481e-9b43-c5ab24f70149,,6cd7d035-375b-4ed7-be57-86d9cfefd68f,1ea1f74a-9084-4666-895a-5b0f2cd6df57,2015-01-17,2017-06-25,Choose detail section someone support far plant.,f
eabcf4e0-eded-484e-a532-c7bdbcb73552,80e20a68-1053-46a0-b7cd-302fc90ad627,Senior Developer,aab08191-b495-481e-9b43-c5ab24f70149,,5201a91a-61ae-42a4-a4bc-53b6797f6a46,0bb746ab-a5cc-4528-aa6a-dd85df09a96f,2019-04-21,2019-12-23,Whatever action themselves center among of.,f
75b31ec2-25ff-41f7-902b-d922ff380bf5,80e20a68-1053-46a0-b7cd-302fc90ad627,UI/UX Designer,1ebdbbce-d9ac-4d3c-aaac-b67756f76918,,8eb15e1d-1907-4904-8a33-db76940f3a57,88ae2ad4-e596-4cd6-8335-352ba27edee8,2020-11-01,2023-10-26,Natural be decide scientist rise deep town. Central contain pattern education boy provide note.,f
c34a178f-5890-4092-8de8-0135c83cc52f,e918ae65-c7bf-4494-a8d4-4c983a923cf4,Software Engineer,,York PLC,75dae6b2-21b0-4bce-9147-15539bbe9a7e,751ff308-6cca-43ab-be08-8555486ee7ac,2016-11-06,2018-06-22,Available public economy culture oil week ground. Beyond people too fish late.,f
252dcfb9-b5fc-4ce0-ac39-4ea0dbc9d003,d8b0e2bb-459d-48f1-b42f-31a6bbddf77e,Content Writer,7c31d95d-e425-4091-b401-d9f274bc3aa2,,8ab76203-671f-4ce8-9082-4d1abc848c6c,88ae2ad4-e596-4cd6-8335-352ba27edee8,2016-06-21,,Really charge note space when. Above east develop science.,t
2bc3ed1b-7213-4dea-aabd-ab26d89dbb63,d8b0e2bb-459d-48f1-b42f-31a6bbddf77e,Financial Analyst,,Hill-Ward,3f63efb4-8442-4057-a292-742c27f8c348,f846f587-f455-49f3-a062-6c7a9dd85087,2015-06-03,2018-01-27,Leg grow figure necessary compare parent success. Through cultural safe phone.,f
4918e37c-e067-436f-82d5-aea940df8a9d,d8b0e2bb-459d-48f1-b42f-31a6bbddf77e,Software Engineer,,"Jones, Smith and Hunter",8d9636a5-b58d-4476-aa34-adaf55917ddc,18c4e80b-8548-4a35-8b95-8b1211659f62,2021-08-29,2023-12-26,Often shoulder defense already end thus music president.,f
29d3d217-9bc8-45a9-8b64-99e7bd34b2ba,8b4db567-6b55-4919-a469-a526a882589a,Digital Marketing Specialist,a1a3654b-d5be-4c74-b6fa-79fe549216ba,,75dae6b2-21b0-4bce-9147-15539bbe9a7e,18c4e80b-8548-4a35-8b95-8b1211659f62,2019-09-04,2020-11-15,Hotel through operation tax card may.,f
43269841-7ead-42b8-aab0-28b44aa70a38,98146436-8ead-46c6-9ea5-772d2205afcf,Content Writer,,Sanders PLC,5201a91a-61ae-42a4-a4bc-53b6797f6a46,cbf988ac-01e5-42f4-b4ce-f8caace4832b,2015-02-08,2017-06-15,Summer southern pass coach method.,f
d0327457-a87c-4bae-a0d6-0a15ebcb05fb,98146436-8ead-46c6-9ea5-772d2205afcf,Product Manager,87eda243-fc4d-42c3-bf23-6a78b168875c,,073051ba-089b-4559-8557-ad95880b2752,cbf988ac-01e5-42f4-b4ce-f8caace4832b,2021-10-16,2024-10-20,Condition we process whose. Voice American seven discussion enough doctor protect.,f
d719d58d-8f2c-48e6-b385-20172e945353,98146436-8ead-46c6-9ea5-772d2205afcf,Business Analyst,,"Velez, Ward and Harrison",3f63efb4-8442-4057-a292-742c27f8c348,751ff308-6cca-43ab-be08-8555486ee7ac,2016-04-27,2018-03-17,Always possible billion. Plant event score official now heavy her.,f
f6e56919-ed96-4a3c-b084-025aa6ba8bbe,25accb22-0a57-4ad6-b6dd-e759cfc1b551,Backend Developer,7c31d95d-e425-4091-b401-d9f274bc3aa2,,8d9636a5-b58d-4476-aa34-adaf55917ddc,9839c6c5-7f0e-4d94-bc00-4d545818fd19,2020-11-12,2022-07-04,Might heavy trade might. Stage generation society thought according think.,f
f0eb6529-994e-49ec-a5a9-5eb1433e3dff,25accb22-0a57-4ad6-b6dd-e759cfc1b551,Frontend Developer,,Martin-Jones,75dae6b2-21b0-4bce-9147-15539bbe9a7e,f846f587-f455-49f3-a062-6c7a9dd85087,2020-07-26,2022-05-29,Change church own stage produce.,f
0a7afb4f-a6af-4118-ad47-11699f7339f8,ccdfc525-a373-48a0-a44f-89caab65176a,Digital Marketing Specialist,,Shepherd-Cortez,6cd7d035-375b-4ed7-be57-86d9cfefd68f,1ea1f74a-9084-4666-895a-5b0f2cd6df57,2015-12-31,2018-05-14,Look opportunity positive improve during campaign or. Picture always occur argue.,f
c7b149e9-e2e8-4e62-8b10-55250319011c,ae78ff3d-f828-4ce3-aa58-7efc285cc5e7,QA Engineer,05f82b79-c56e-4ce8-8b41-470b9d97252f,,5201a91a-61ae-42a4-a4bc-53b6797f6a46,228c2d92-e16c-4952-b280-aa76b6039ec3,2015-11-04,2017-01-19,Might if wide point.,f
f662e2a5-73f0-4d3b-b975-d577200318bc,ae78ff3d-f828-4ce3-aa58-7efc285cc5e7,Senior Developer,,"Luna, Nicholson and Valentine",5201a91a-61ae-42a4-a4bc-53b6797f6a46,88ae2ad4-e596-4cd6-8335-352ba27edee8,2020-03-16,,Paper likely loss detail improve central old.,t
62f0ed87-4011-4bbb-9fdc-7eb748e9e378,ae78ff3d-f828-4ce3-aa58-7efc285cc5e7,Senior Developer,a34bd310-b3b9-45cf-aa4b-87950b511085,,6cd7d035-375b-4ed7-be57-86d9cfefd68f,25108af7-4852-4206-b168-fe736b42859d,2018-07-04,2021-05-20,Process enough right garden law opportunity discover history.,f
729bd68b-8215-4356-bccf-cd26d363d973,05d82f52-c13d-4578-923e-9c84c141f52a,Network Engineer,,Smith PLC,5201a91a-61ae-42a4-a4bc-53b6797f6a46,ab7619b9-adef-4882-9b23-1cb3661050da,2016-11-29,2020-01-31,Step painting concern top outside there. Me brother lot candidate owner still to.,f
2f75fe3e-ef1f-4684-b24b-e7c5aca7b9d2,05d82f52-c13d-4578-923e-9c84c141f52a,Cloud Architect,ba7256ee-5bdf-4568-8d94-573bf1ba058c,,8eb15e1d-1907-4904-8a33-db76940f3a57,228c2d92-e16c-4952-b280-aa76b6039ec3,2016-01-16,2016-11-07,Inside themselves recently investment voice lot shoulder. Open scientist seven recent best care.,f
265c998b-4494-4d4a-bc07-4d70c26034cf,05d82f52-c13d-4578-923e-9c84c141f52a,DevOps Engineer,8b445472-ac60-4ed3-9617-bd007b884ef8,,6cd7d035-375b-4ed7-be57-86d9cfefd68f,18c4e80b-8548-4a35-8b95-8b1211659f62,2019-04-29,2020-12-30,Travel base our myself election. Remember smile official.,f
5110a5f9-e7d6-4a50-9b6b-94cd78286606,a473bdba-d0c5-4c98-bf2a-78fa4a8fc4c8,Database Administrator,,Meyer Group,3f63efb4-8442-4057-a292-742c27f8c348,0bb746ab-a5cc-4528-aa6a-dd85df09a96f,2015-08-29,2016-06-10,Impact blood international one end movie.,f
77acebf0-89c7-458b-b355-b7fcc2ace407,a473bdba-d0c5-4c98-bf2a-78fa4a8fc4c8,Machine Learning Engineer,58357c95-8874-4183-b951-faf8c5e2089b,,8d9636a5-b58d-4476-aa34-adaf55917ddc,b6ee39c4-ee79-4c3f-9380-a75aa01c66b1,2021-05-19,2022-12-08,Partner yeah however data need newspaper. Have never effect fill.,f
aa933682-bd70-4d64-bef6-08b899176d83,a473bdba-d0c5-4c98-bf2a-78fa4a8fc4c8,Database Administrator,05f82b79-c56e-4ce8-8b41-470b9d97252f,,8d9636a5-b58d-4476-aa34-adaf55917ddc,1ea1f74a-9084-4666-895a-5b0f2cd6df57,2016-06-19,2019-06-12,Save talk process security land record. Beyond meet skill song.,f
087dc92d-dc25-42ad-b4a3-f433503ad226,835d6d27-05e7-4e0e-9474-455337d95b16,Content Writer,,"Terry, Mann and Martin",073051ba-089b-4559-8557-ad95880b2752,cbf988ac-01e5-42f4-b4ce-f8caace4832b,2018-07-11,,Statement likely outside because.,t
a2931554-7388-4c8a-8821-db8e63b1f5fe,835d6d27-05e7-4e0e-9474-455337d95b16,Frontend Developer,,Walker-Miller,bdf207b3-a4af-49b3-b56f-21da234c76b4,9839c6c5-7f0e-4d94-bc00-4d545818fd19,2021-05-03,,Us husband prevent expert white arm.,t
e6a6fe8a-c45f-4dea-9c1a-1f35a9350cb2,e76d848f-664e-478a-a6ae-a24c63e70cd7,QA Engineer,,Bowman Group,8eb15e1d-1907-4904-8a33-db76940f3a57,88ae2ad4-e596-4cd6-8335-352ba27edee8,2021-12-07,,Sure us million crime six.,t
baee1138-469d-4dc5-ba89-549c4e0f34f7,e76d848f-664e-478a-a6ae-a24c63e70cd7,Network Engineer,,"Black, Hall and Jackson",8d9636a5-b58d-4476-aa34-adaf55917ddc,f846f587-f455-49f3-a062-6c7a9dd85087,2019-04-26,,Dream a church you sister good.,t
4664f4b9-2bdb-4741-8e54-6f66430db85b,e76d848f-664e-478a-a6ae-a24c63e70cd7,DevOps Engineer,abb40bf1-e421-485e-93f9-bcbcfcd3202c,,8eb15e1d-1907-4904-8a33-db76940f3a57,88ae2ad4-e596-4cd6-8335-352ba27edee8,2016-10-04,2018-08-22,Only military say attention bed expect. Trip give white everybody paper create upon.,f
348db3b5-16e8-4817-a753-9bd91d97101f,4fd5e63e-f43a-4015-a41c-fabe5d3649d9,Financial Analyst,ba7256ee-5bdf-4568-8d94-573bf1ba058c,,df5d3f84-221b-4706-b6e1-d2678e7fb339,b6ee39c4-ee79-4c3f-9380-a75aa01c66b1,2018-09-17,2019-10-30,End imagine blood. Me future bring message.,f
79bd9358-c1d8-4f64-aca6-c7e037595bf3,793d8c87-5653-483a-95ab-4b8e97f8a35b,Data Analyst,,Walter-Li,8eb15e1d-1907-4904-8a33-db76940f3a57,0bb746ab-a5cc-4528-aa6a-dd85df09a96f,2015-11-19,2017-08-18,Reason whom none show serious. Race to television loss election him small.,f
8a40c382-90bb-4501-9a0f-5d9ef5611011,1f95ee40-8255-40d3-aa20-abd311effafb,Product Manager,,Rhodes and Sons,df5d3f84-221b-4706-b6e1-d2678e7fb339,799eb2c8-9348-4a65-80bb-d8ff82ac8c26,2016-05-01,2016-11-15,Western might act strategy eat behavior. Away use live government thus especially.,f
efbc7616-f027-4a80-afd7-47c1b34b2392,1f95ee40-8255-40d3-aa20-abd311effafb,Network Engineer,58357c95-8874-4183-b951-faf8c5e2089b,,8e3471e2-b658-421d-ab09-4e0a23a00f40,228c2d92-e16c-4952-b280-aa76b6039ec3,2015-05-27,2016-02-24,Say dog drug enter director strong student.,f
e5a5cc43-7306-429b-93df-853135381b5e,2d97ddae-92ab-4e58-a330-839180ad095d,Frontend Developer,,Moore-Rodriguez,14a2f180-c08a-4799-8b23-2c8e417903a4,b6ee39c4-ee79-4c3f-9380-a75aa01c66b1,2021-04-22,,Pass share must amount lot per manage.,t
d3b89125-0376-4b67-8f41-9b2ce550c872,2d97ddae-92ab-4e58-a330-839180ad095d,Financial Analyst,,"Melton, Henry and Joyce",3f63efb4-8442-4057-a292-742c27f8c348,cbf988ac-01e5-42f4-b4ce-f8caace4832b,2015-08-11,2017-01-11,Huge seek campaign moment institution. Allow girl team simply lead build million.,f
5c1a45b3-2ee3-42f3-8c26-09167660536f,2d97ddae-92ab-4e58-a330-839180ad095d,Product Manager,8b445472-ac60-4ed3-9617-bd007b884ef8,,8e3471e2-b658-421d-ab09-4e0a23a00f40,751ff308-6cca-43ab-be08-8555486ee7ac,2020-04-21,2022-01-24,Activity decision ok. Gun technology cost enjoy especially when.,f
51267f8b-197e-46c6-91bc-a5e7a6e4b015,90a9d186-482c-49a6-b239-b4f579eea7a3,Backend Developer,,Diaz-Jimenez,bdf207b3-a4af-49b3-b56f-21da234c76b4,9839c6c5-7f0e-4d94-bc00-4d545818fd19,2018-10-30,2021-07-25,Red head take evidence conference capital.,f
797350e7-c7f0-4ff2-8d89-33ad3d0b3639,c0c477b5-07d8-4fb0-bfb1-f1966dbb12af,UI/UX Designer,0ee6ddaa-2284-46a9-a86d-4bf900c12b3b,,8ab76203-671f-4ce8-9082-4d1abc848c6c,228c2d92-e16c-4952-b280-aa76b6039ec3,2016-03-11,,Sport result sound new task. Certainly where change south computer.,t
0a2cc549-0af1-4822-a913-3a7b86e8e0df,c0c477b5-07d8-4fb0-bfb1-f1966dbb12af,Cloud Architect,7f71c372-e0ae-4195-a1f8-4672c4f6a010,,8eb15e1d-1907-4904-8a33-db76940f3a57,b6ee39c4-ee79-4c3f-9380-a75aa01c66b1,2021-11-07,,Yet support military result. Feel no nothing huge real art sport.,t
8e6d8408-feef-4da7-9406-39d24da6d2f7,ad0d042d-e3e3-448f-9720-4633ac6e9604,Sales Executive,8b445472-ac60-4ed3-9617-bd007b884ef8,,8eb15e1d-1907-4904-8a33-db76940f3a57,0bb746ab-a5cc-4528-aa6a-dd85df09a96f,2018-10-16,,Benefit seat employee growth newspaper special general in. Test white current office power company.,t
0316b7a0-9302-4800-a10c-c84466cbbd38,42398576-01e9-42ff-8738-69490c7fad47,Software Engineer,87eda243-fc4d-42c3-bf23-6a78b168875c,,073051ba-089b-4559-8557-ad95880b2752,f846f587-f455-49f3-a062-6c7a9dd85087,2021-08-10,2023-07-01,Foot member simple land bad party.,f
085fa040-4c7c-4668-8f4f-7711229404d8,42398576-01e9-42ff-8738-69490c7fad47,Content Writer,,Welch-Thomas,6cd7d035-375b-4ed7-be57-86d9cfefd68f,18c4e80b-8548-4a35-8b95-8b1211659f62,2021-03-16,2023-01-19,Instead partner if trade bad gas.,f
241eae48-66e0-42c4-8a00-275c987ecc69,42398576-01e9-42ff-8738-69490c7fad47,Product Manager,,Stewart-Carter,df5d3f84-221b-4706-b6e1-d2678e7fb339,25108af7-4852-4206-b168-fe736b42859d,2021-06-27,,Popular even know television guy only whole including.,t
e1f87b50-88c0-49ef-b9ad-7347600ca625,fce7cfe5-e278-4d7b-af7e-54aaa7e5f40a,Database Administrator,58357c95-8874-4183-b951-faf8c5e2089b,,073051ba-089b-4559-8557-ad95880b2752,cd8bcf27-fe79-4975-a680-756a104c2ae5,2021-10-18,2023-05-14,By doctor edge.,f
a2e7b892-e6c5-4cda-91d7-26c2f7b5ab3e,fce7cfe5-e278-4d7b-af7e-54aaa7e5f40a,Backend Developer,,"Haynes, Miller and Jackson",8eb15e1d-1907-4904-8a33-db76940f3a57,cd8bcf27-fe79-4975-a680-756a104c2ae5,2017-10-13,2020-12-29,As these nature ago.,f
989a1d0b-c907-4adc-b27c-eb977eb08a6e,fce7cfe5-e278-4d7b-af7e-54aaa7e5f40a,Content Writer,,Warren-Ferrell,5201a91a-61ae-42a4-a4bc-53b6797f6a46,b6ee39c4-ee79-4c3f-9380-a75aa01c66b1,2016-06-30,,Peace base use hope director.,t
4ebd6455-22f4-4fd5-bf2d-6b4c4d207aab,5f86de62-8dbf-409f-a992-49fa1cdf5e5c,Financial Analyst,,"Mitchell, Sims and Anderson",8e3471e2-b658-421d-ab09-4e0a23a00f40,751ff308-6cca-43ab-be08-8555486ee7ac,2021-02-21,2024-04-03,Along ground trip.,f
44914113-0466-408c-88ec-2485d67f6d1a,5f86de62-8dbf-409f-a992-49fa1cdf5e5c,Machine Learning Engineer,,Mcdonald-Pitts,8e3471e2-b658-421d-ab09-4e0a23a00f40,968aaf88-00fb-45df-a448-84c109d47766,2017-04-02,,Know wide recently computer our piece player.,t
24c63f83-ec26-4b63-92c0-963c1622d97b,5f86de62-8dbf-409f-a992-49fa1cdf5e5c,Product Manager,,"Graham, Bowman and Ferguson",14a2f180-c08a-4799-8b23-2c8e417903a4,9839c6c5-7f0e-4d94-bc00-4d545818fd19,2016-12-29,2018-05-23,Music source kind hand employee field a. Gas light across two.,f
7d2bc921-c0d1-40f1-bf6f-9bd988604e05,7b2c402b-31a4-4520-9c27-ec7ad4b0d7a9,Financial Analyst,,Evans-Cannon,5201a91a-61ae-42a4-a4bc-53b6797f6a46,ab7619b9-adef-4882-9b23-1cb3661050da,2021-07-15,2023-03-14,Discuss account health in night house clear say.,f
2d54b0c4-aeed-4dc9-a44a-c755647e65ab,7b2c402b-31a4-4520-9c27-ec7ad4b0d7a9,Cloud Architect,a1a3654b-d5be-4c74-b6fa-79fe549216ba,,8d9636a5-b58d-4476-aa34-adaf55917ddc,25108af7-4852-4206-b168-fe736b42859d,2019-09-27,2020-04-19,Determine bad personal might son party. Expect sea speak include table.,f
a2b53982-a49b-40d0-a0f6-af0e137a6235,65c670c6-2728-485b-877c-9769a8f95ce9,Backend Developer,,Taylor Inc,8e3471e2-b658-421d-ab09-4e0a23a00f40,228c2d92-e16c-4952-b280-aa76b6039ec3,2017-03-29,2020-06-28,Laugh red man fly charge wide against win. Especially resource road do character.,f
a28ee501-05e6-450a-a682-e727ae16a523,b72a2958-4393-48e6-8797-ccd937d69d1e,Financial Analyst,7f42ed9d-b8cd-4395-967d-920a92ab6d3a,,14a2f180-c08a-4799-8b23-2c8e417903a4,b6ee39c4-ee79-4c3f-9380-a75aa01c66b1,2015-09-12,2018-04-20,Game find son your less. Form such weight.,f
